Salon Name,CID
Regal Nails,2800019
SURENAILS & SPA,TX_05023
Sam Spa,TX_05035
lldtek Sam Spa,TX_05039
demo spa,TX_05043
Larry Spa,TX_05045
LA nails,TX_05047
NAIL GALLERY,AK_05051
Jimmy Demo Spa,PA_05053
Golden Nails Design,MA_05055
The Looks Nails And Spa,CA_05057
Diamond Spa Bar,TX_05059
Davi Nails Spa,TX_05061
Style Nails,TX_05063
7 NAILS & SPA,MN_05065
Mila Med Spa & Salon,TX_05067
Satisfaction Nails & Spa,KS_05069
LA Nails,TX_05085
Trust Merchant Services,NC_05087
Zurno Inc,FL_05089
lldtekfloridademo,FL_05091
Harmony Payment Systems LLC,FL_05093
Blue Lagoon Nails & Spa,KS_05097
2Q NAILS BAR,CA_05098
GLOWZY NAIL BAR,CA_05099
Mazee Nail Spa,KS_05100
Lldtekdemophili,TX_05101
Dazzling Nail Bar,AR_05102
Dazzling Nail Bar,AR_05103
XOXO NAILS AND SPA,TN_05104
LUCKY NAILS AND SPA 46,NJ_05105
Thanh Phat Live Demo,TX_05106
Sunshine Nail Salon,KS_05107
LS Nails And Spa,WA_05108
Wichita Nails Today,KS_05110
Elegant Nail Bar,WI_05111
New York Nails,GA_05112
Blush Nail Boutique,GA_05113
Blush Nail Boutique (11765 Jones Bridges),GA_05114
Lavish Nails and Spa,FL_05116
Glamour Nails & Spa,MI_05115
Pro Nails,KS_05117
Number One Nails,SC_05118
Classic Nails,GA_05119
Sassy Nail Bar,NC_05121
Lavish Nails and Spa (SC),SC_05120
Allure Nail Lounge,AL_05122
Essie Nails and Spa,OK_05123
Carolina Nails,SC_05124
Signature Nail Lounge,GA_05125
sam demo,TX_05126
Passion Nails and Spa,GA_05127
Waco Nails,TX_05128
3D Nails,TX_05129
Creative Nails And Spa,SC_05130
Solar Nails 2,OR_05131
Polished Nail Bar,GA_05132
TAX SERVICES DEMO,TX_05133
TAX SERVICES DEMO,TX_05134
Wisteria Nails and Spa,GA_05135
Hiram Nail Spa,GA_05136
Moon Nails,TX_05137
The Nail Venue,FL_05138
Capital Nails and Spa,NJ_05139
LS Nails And Spa,WA_05140
Pinky Nail & Spa,FL_05141
Crave Spa,FL_05142
Venus Nails & Spa,SC_05143
AP Nails & Spa,WA_05144
Signature Nail Lounge,GA_05145
Palazzo Nail Spa,GA_05146
10 PERFECT NAILS,TN_05147
Lux Nails & Spa,WA_05148
OASIS NAILS & SPA,FL_05149
SPATANEOUS NAILS & SPA,GA_05150
Millennium Nails,NJ_05151
GODA NAIL SPA	,FL_05152
DIVA SPA & NAILS,NC_05153
Millennium Nails,NJ_05154
DIP NAIL BAR,GA_05155
CANDY NAILSART,GA_05156
Venetian Nails & Spa,KS_05157
LLD TEK Houston Demo,TX_05158
Nails 1st,CO_05159
Pure Nail Spa & Hair,GA_05160
Lux Nail Spa,TX_05161
Happy Nails & Spa,IL_05162
QA Nails,GA_05163
MN Herbals Beauty,CA_05164
Dilworth Nails,NC_05165
SIGNATURE NAILS,CO_05166
KLOE NAILS,NJ_05167
Brillante Nail & Spa,GA_05168
Brillante Nail & Spa,GA_05169
CLARITY NAIL SPA,GA_05170
Quick Fit Beauty Center,TX_05171
Morgan Nails,GA_05172
Nail West,NC_05173
MAGIC NAILS & SPA,TX_05174
Regal Nails Of Monroe,NC_05175
Nail Care Spa,GA_05176
MacUSA,TX_05177
SAM DEMO SPA,TX_05178
LUXURY NAIL SPA,GA_05179
ALLURE NAILS & SPA,GA_05180
Top Merchant Demo,CA_05181
avalonnailbar,CA_05182
Pro Nails And Spa,RI_05183
Bella Nails And Spa,NJ_05184
Blue Diamond Nails & Spa,NV_05185
Club Nails,NJ_05187
Rumors Nails & Spa,TX_05188
BEAUTY BAR AND NAILS,GA_05189
Ocean Spa and Nails,NV_05190
Dream Nails & Spa,VA_05191
Modern Nails,TX_05192
Zen Nails & Spa,CA_05193
Old National Nails & Spa,GA_05194
New York Nails,GA_05195
Nail Envy,AZ_05196
Main Street Nails & Spa,GA_05197
NAILS XP ,NJ_05198
Mega Nails & Spa,GA_05199
DEMO SPA LOC PHAT,TX_05201
VARNISH NAIL BAR,CA_05202
Fashion Nails,OK_05203
Allure Nails Spa,OK_05204
La Belle Nail Bar,CA_05205
HERMOSA NAIL BAR,TX_05206
Leyna Nails and Spa,CA_05207
DEMO MACUSA DALLAS,TX_05208
Palazzo Nail Spa 2,GA_05209
DEMO MACUSA ATL,GA_05210
RESORT NAIL SALON,TX_05211
NAILS OF AMERICA 17269,TX_05212
TD Nail Spa,MO_05213
Inspire Nail & Beauty,NC_05214
LEE NAILS SPA,IL_05215
BORGATA NAIL SALON,TX_05216
QC Nail,GA_05217
Ivy Springs Nails,GA_05218
COLOR ME NAILS & SPA 44319,TX_05219
Enid Nails,OK_05220
ADORE NAILS & SPA 17483,WV_05221
Nails By Chris,GA_05222
Celestial Nail Bar,FL_05223
POSH NAILS 14944,FL_05224
POSH2 NAILS & SPA 01697,TX_05225
MAC USA ATL DEMO,GA_05226
VENICE NAIL & SPA 17764,IL_05227
Lexor Nails And Spa,TX_05228
NAILS UNLIMITED,OR_05229
demo biz spa,TX_05230
NAILS SO DEP BY CARTER & CO,OH_05231
MAGNOLIA NAILS & LASH,FL_05232
PEARL NAIL SPA,NC_05233
EVOL NAILS AND SPA,MN_05234
CYNDI S NAILS SPA,PA_05235
PUR BLISS NAIL CONCEPTS,TX_05236
DEMO VN SYSTEMS,GA_05237
DEMO VN SYSTEMS,GA_05238
Pulse Nail Bar,GA_05239
Love Nails & Spa,GA_05240
SKY NAILS & SPA 03400,WA_05241
BELLA VITA BOUTIQUE SALON,GA_05242
DEMO_LLDTEK,TX_05243
T And C Nails,VA_05244
NAIL WORLD 04051,GA_05245
MAGNOLIA NAILS & LASHES,FL_05246
VINCE SALON & NAILS 18259,MD_05247
HALO NAILS & SPA,GA_05248
NAILS AND LOUNGE,IN_05249
SASSY NAILS BOUTIQUE 18267,MD_05250
TOP NAILS,IA_05251
NEW CALIFORNIA NAILS,UT_05252
ANNIES NAILS AND SPA 018341,TX_05254
BAYBROOK NAIL SPA 01820,TX_05255
LV NAILS 01552,GA_05256
NAIL TIME SPA,GA_05257
INFINITY NAILS,AL_05258
AMOUR NAIL SPA,OK_05259
HEAVEN FOOT SPA AND NAILS LOUNGE 18531,NC_05260
Haiwaiian nails Bar,TX_05261
LA VIE NAILS AND SPA,VA_05263
REFRESH MASSAGE,GA_05264
TL NAILS AND GLAMOUR SPA 18663,VA_05265
AVA NAIL SPA,PA_05266
US NAILS SALON,FL_05267
MAY NAILS AND SPA 18598,TX_05268
NIKKI NAILS ,GA_05269
SONOMA NAILS BAR,GA_05270
ANGEL NAIL & SPA,TX_05271
MAI NAIL LOUNGE,NY_05272
PULSE NAIL SPA,GA_05273
TRENDIQUE NAILS AND SPA,TX_05274
iNAILS ALPHARETTA,GA_05275
PT NAIL CLUB,OH_05276
BISOU NAIL LOUNGE,TX_05277
RELAX SPA & NAILS,CO_05278
DAVINCI NAILS AND SPA 19356,TX_05279
VILLAGE NAIL BAR,AL_05280
KUTE NAIL SPA,SC_05281
AMERICAN NAIL BAR 18762,OR_05282
FANCY NAILS,GA_05283
Labella Nails,GA_05284
LAVI NAILS,NJ_05285
Nail Pro,KS_05286
KIM NAILS,GA_05287
LUX NAIL SPA 871010,MD_05288
THE NAIL BAR,GA_05289
UNIQUE NAILS 19604,PA_05290
NAILED IT SPA,NC_05291
DemoLLDTEK,TX_05292
Demo_LLDTEK,TX_05293
L Nail,GA_05294
VIP NAIL BAR,SC_05295
NAILS AND SPA,GA_05296
A CITY NAILS,IA_05297
LUX NAIL SPA,TN_05298
AVALON NAIL BAR 20099 ,CA_05299
SIMPLY NAILS AND SPA 20149,SC_05300
LILY SPA NAILS 02018,TX_05301
DEMO DANNY SALON,TX_05302
EDEN NAILS,IL_05303
SOHO NAIL SPA 81962,NC_05304
LUXURY NAILS FISHERS,IN_05305
ESCAPE NAIL & LASH STUDIO,TX_05306
POLISHED SPA LOUNGE,TX_05307
VIVIAN NAILS AND SPA 03548,FL_05308
BLUSH NAIL and SPA,TN_05309
NEW CALIFORNIA NAILS & SPA,UT_05310
DEMO DEVINE MACUSA,TX_05311
VENUS NAIL SPA,SC_05312
LABELLA NAIL SPA,GA_05313
LA VEE NAILS,KY_05314
T-NAILS,NC_05315
4 EVER NAILS SALON 17445,TN_05316
VUVUZELA NAIL SPA,TX_05317
FASHION NAILS,CT_05318
DEMO THANG AGENT,TX_05319
FASHIO NAILS SPA,TX_05320
SASSY NAILS ,IL_05321
KC NAIL & SPA,OK_05322
SPA PRO NAILS AND TAN 21469,TX_05323
T AND T NAIL SALON 21410,FL_05324
Moon Nails & Spa,TX_05325
NIA Nails & Spa,OH_05326
LV NAILS,FL_05327
BEAUTE NAIL SPA 21519,AL_05328
NOIRE NAILS BAR,TN_05329
TC NAILS 21394,CA_05330
SQUARE ONE NAILS,OH_05331
LP NAILS & SPA,GA_05332
JOE NAILS 21717,TX_05333
GURU NAIL BAR,CA_05334
DEMO LOWFLATRATE TMX,TX_05335
MY BELLA NAIL BAR,NC_05336
DEMO MAC USA HOUSTON,TX_05337
LUX NAIL SPA 77024,TX_05338
BB NAILS,KY_05339
LEE NAILS SPA & BAR,NC_05340
EVANS NAILS 21907,IN_05341
ALL NAILS SALON 21998,FL_05342
PASSION NAIL LOUNGE 21956,FL_05343
C J NAILS,GA_05344
SAPPHIRE NAILS 22087,GA_05345
EXQUISITE NAILS 22079,GA_05346
OSCAR NAILS SPA 22160,SD_05347
OSCAR NAILS SPA 22152,SD_05348
DEMO TRIAL,TX_05349
SIMPLE SKINCARE & LASER,TX_05350
POLISHED SALON,OH_05351
KING NAILS SPA 2202,OK_05352
MIMOSA SALON 2244,DC_05353
BEAUTIFUL NAILS SPA 8688,VA_05354
LUXURY NAILS,VA_05355
SPARENITY NAILS n ORGANICS 2281,KS_05356
LAVISH NAILS AND SPA,SC_05357
AEON NAIL SPA 2384,TX_05358
NOIRE THE NAIL BAR 9240,GA_05359
5 GOLD NAILS,FL_05360
PAVILION NAIL LOUNGE 9323,GA_05361
NATION NAILS 03657,GA_05362
PRESTIGIOUS NAILS,TX_05363
A-R NAIL SPA 22533,NC_05364
E.S NAIL SPA 22624,TX_05365
POLISHED NAIL LOUNGE 22632,TX_05366
DEMO-AGENT,TX_05367
DEMO-CUSTOMER,TX_05368
ZEN NAIL SPA,TN_05369
Desktop ZEN NAIL SPA 92649,TN_05370
LJ'S NAILS ALLURE,NJ_05371
LJ NAILS ALLURE,NJ_05372
Nailvana Lash & Spa,TX_05373
LUXX NAIL BAR,TX_05374
DALLAS NAILS SALON,GA_05375
MIMOSA SALON,DC_05376
MIMOSA SALON 22855,DC_05377
SIGNATURE DAY SPA,GA_05378
NEVE NAILS SPA 32871-DESKTOP,PA_05379
VIP NAILS 48854_DESKTOP,GA_05380
LUCKY NAILS 22913,MA_05381
WYNN'S NAIL LOUNGE 22921,TX_05382
WYNNS NAIL LOUNGE 22921-DESKTOP,TX_05383
LUSH NAIL STUDIO,FL_05384
MASON NAILS 23010,TX_05385
BELLA NAILS AND SPA,CA_05386
KISS NAILS SALON,NJ_05387
ANGEL NAILS AND SPA,AR_05388
KEVIN NAILS,DE_05389
HALO NAILS,OH_05390
ST NAILS & SPA 1,WA_05391
ST NAILS & SPA 2,WA_05392
JUST 4 NAILS 37959 - DESKTOP,KY_05393
SERENITY NAILS AND SPA 96855,TN_05394
SKY NAILS 96145 - DESKTOP,GA_05395
NINI NAILS AND BAR,NC_05396
Bellagio Nails. Blowout. Spa.,NC_05397
BELLA NAILS SPA,NC_05398
DEMO-TKH,PA_05399
HAPPY EVER AFTER NAIL SPA,AL_05400
Number One Nails,SC_05401
OAK GROVE NAILS SPA 3234,MS_05402
STAR NAILS,PA_05403
OAK GROVE NAILS SPA,MS_05404
HI TECH NAIL,NJ_05405
TERESAS BEAUTY BAR 49122 - DESKTOP,VA_05406
DENISES HAIR AND NAIL SALON 23077 - DESKTOP,CA_05407
DEMO CUSTOMER,TX_05408
MIMI NAILS 2000,NJ_05409
ONE STOP NAILS AND SPA 23259 - DESKTOP,IL_05410
SUGAR POLISH NAIL BAR,GA_05411
YEAH 1 NAILS,OH_05412
Lee Nails Spa,NC_05413
Lee Nails Spa 75951,TX_05414
CALLA NAILS SPA 52867,GA_05415
BEAUTY NAILS,GA_05416
STAR NAILS 73703,OK_05417
VENETO NAILS SPA,TX_05418
Millennium Nails & Spa,CA_05419
HAPPY NAILS 50459 DESKTOP,VA_05420
DEMO AGENT BAO,TX_05421
FLAMINGO NAILS AND SPA,UT_05422
VALENTINO NAIL BAR 23390 DESKTOP,NC_05423
EPIC NAIL BAR,TX_05424
I NAILS SPA,GA_05425
OMBRE NAILS LOUNGE,CA_05426
BIG APPLE SPA & NAILS,KS_05427
DELUXE NAILS AND SPA III 23465 DESKTOP,NJ_05428
NATURAL NAILS,OH_05429
Potomac Nails And Day Spa,VA_05430
LAVI NAILS [DT Nails],NJ_05431
DELUXE NAILS AND SPA 20602,NJ_05433
NAIL TIME SPA,GA_05432
MODEL NAIL SALON 23598 DESKTOP,GA_05434
LANDON NAILS AND SPA,GA_05435
DERBY NAILS BAR,KS_05436
LV LUXES NAIL BAR,PA_05437
BEVERLY NAILS SALON 23713,TX_23717
I NAILS,NJ_23714
THE NAIL KITCHEN,TX_23715
THE ONE NAIL 23739 DESKTOP,NY_23716
BEVERLY NAILS SALON23713 DESKTOP,TX_23717
AM BETTER NAILS & SPA,TX_23718
UNIQUE NAIL AND SPA 37075 DESKTOP,TN_05438
PAMPER ME NAIL SPA,NJ_05439
TRIAD DAY SPA 71763 PC,NC_05440
QUIESCENCE NAIL SALON & SPA,KS_05441
NAILS LOUNGE & SPA,TX_05442
APPLE NAILS LOUNGE,TX_05443
USA NAILS AND SPA 10264 PC,FL_05444
UPTOWN NAILS 8458 PC,FL_05445
PAMPER ME II NAILS & SPA,NJ_05446
TIME FOR ME NAILS AND SPA 23838 PC,PA_05447
D NAILS & SPA,FL_05448
VINH TRAN,TX_05449
DEMO TMS - THUY LE,TX_05450
DEMO SPOTON - OFFICE,TX_05451
GLAMOUR NAILS 23960 PC,NY_05452
PERFECTION NAIL SPA III 23978 PC,NY_05453
GARDEN NAIL SPA AND RETREAT 23507 PC,TX_05454
NAILS 4 US AND SPA,VA_05455
SALON EXPO,OH_05456
ELITE NAILS,GA_05457
ROYAL NAILS AND SPA 8987 PC,AL_05458
LINDA NAILS,GA_05459
SPA ROYAL LLC,KS_05460
BLOOM NAILS & SPA,KS_05461
LACQUER NAIL SPA,KS_05462
CLK NAILS,CA_05463
5 STAR NAILS AND SPA 24133 PC,FL_05464
SOLAR DELUXE NAILS & SPA 15416 Desktop,TX_05465
LAVISH NAIL LOUNGE AND SPA 13599 PC TRIAL,TN_05466
CENTER NAIL AND SPA 24166 PC,IL_05467
NAIL STUDIO AND SPA 24174 PC,FL_05468
SPA AND NAILS,IL_05469
VIVA NAILS SPA 81844 PC,MI_05470
DEPTFORD NAIL,NJ_05471
AMBIANCE PALACE NAIL SALON & SPA,PA_05472
NAIL PERFECTION,PA_05473
PA NAILS,PA_05474
4 SISTERS NAIL SALON,PA_05475
THE NAILS GARDEN 24273 PC,NH_05476
NEXT TOP NAILS 24265 PC,IL_05477
MORGAN PARK NAILS,IL_05478
FRANCE NAILS 24224 PC,MN_05479
PERFECT NAILS AND SPA 20321 E800,TX_05480
HUNTING PARK NAILS AND SPA,PA_05481
PHAT DOAN DEMO,NY_05483
PHAT DOAN,NY_05483
LE NAILS AND SPA 24430 PC,IN_05484
COCO NAIL LOUNGE 24463 E800,TX_05485
NOIRE NAILS SPA 24414 E800,FL_05486
NAIL BAR,TX_05487
OMBRE NAIL BAR 24455 PC,NC_05488
NAIL STUDIO & SPA,NY_05489
FRANCE NAILS & SPA,MN_05490
G NAILS SPA II 4356 PC,FL_05491
NAIL MAX 24489 PC,NY_05492
NAIL MAX 24489 DESKTOP,NY_05493
PG NAILS & SPA,MD_05494
LOVELY NAILS 24380 PC,NY_05495
SHES NAILS AND SPA 98578 PC,TX_05496
SHES NAILS & SPA,TX_05497
CELEBRITY NAILS & SPA,PA_05498
HOLLYWOOD NAILS,PA_05508
VICTORY NAILS,NJ_05500
HAIR AND NAILS STUDIO,NJ_05501
D & T NAIL SALON,PA_05502
EXCELLENT NAILS AND SPA,NJ_05503
ENCHANTED NAILS,DE_05504
OASIS NAIL BAR 24588 PC,KY_05505
VIP NAIL SPA,TN_05506
ICONIC NAILS,MN_05507
BLOSSOM NAILS & SPA 24661 PC,NC_05508
FRENCHYS NAIL 24711 E800,TX_05509
BLOSSOM NAILS & SPA,NC_05510
HAIR TOWN,GA_05511
GALAXY NAILS & SPA,TX_05512
PRINCESS AND DIVA NAILS SPA 24,TX_05513
T NAILS,IN_05514
VALENTINO NAILS & SPA,WA_05515
VALENTINO NAILS 24802,WA_05516
SERENITY NAIL SPA 24836,MS_05517
SIMPLY BLISS NAILS DAY SPA SALON 06088 PC,GA_05518
SEASON NAILS 24885 E800,NJ_05519
AMY NAILS & SPA 06694,GA_05520
CRYSTAL NAILS,VA_05521
FUSION NAILS & SPA,TX_05522
DIAMOND NAILS II,FL_05523
GOLDEN NAILS,TX_05524
NAIL ART 18150 PC,GA_05525
PURE NAIL BAR,PA_05526
THE ARTS BEAUTY SALON & SPA,NJ_05527
NAIL HONEY LLC,PA_05528
PROFESSOR NAILS AND SPA 24950 PC,NV_05529
YES NAILS,TX_05530
THE NAIL CREATIONS,TX_05531
NATURAL BOUTIQUE,NJ_05532
ORIENTAL SPA AND NAIL,NJ_05533
SOUTH PHILLY DAY SPA INC,PA_05534
NAIL STUDIO,NJ_05535
QUEEN NAILS & SPA,NJ_05536
ROSE NAILS SPA,NJ_05537
SECRET ESCAPE,TX_05538
CLASSY NAILS AND SPA,TX_05539
POLISH,OH_05540
DEMO SPOTON - MAI TRAN,TX_05541
SPOTON SALON,TX_05542
QUEEN NAILS BAR & SPA 6051,IN_05543
QUEEN NAILS BAR & SPA 5129,IN_05544
NAILS OF NEW YORK,TX_05545
LAVENDER NAILS 01252 E800,TX_05546
DAZZLING NAILS AND SPA,NJ_05547
BLISS NAILS SPA & WAXING,NJ_05548
PEACE NAILS AND SPA 25114 E800,GA_05549
VIVA NAIL SPA,VA_05550
PURELUX NAILS SPA 17020 E800,TX_05551
CITRIS NAIL SPA 25155 E800,TX_05552
NAILS PROS,GA_05553
SIMPLY BLISS NAILS DAY SPA SALON,GA_05554
LA BELLE NAILS,WA_05555
LUSH NAILS AND SPA,FL_05556
THE GOLDEN FILE NAIL & SPA,KS_05557
TRACY'S NAIL CARE 14639 E800,GA_05558
TRACYS NAIL CARE,GA_05559
LOTUS NAIL BAR,FL_05560
PAMPERED NAILS,NC_05561
J NAILS & SPA LLC,DE_05562
LOTUS PHILADELPHIA ESTHETIC CENTER,PA_05563
VICTORIAS SPA AND NAILS,NC_05564
NAIL ART & SPA SALON,GA_05565
ISPA NAILS,DE_05566
POLISH NAIL BAR,NC_05567
PEARL NAILS & BAR,NY_05568
LEANA BROWS BEAUTY 8 SPA,IL_05569
AMAZING NAILS SPA,SC_05570
NAILS SO DEP BY BEN AND CO,OH_05571
TIPTOP NAILS & SPA,GA_05572
BELLA NAIL SPA,TX_05573
NICE NAILS,NJ_05574
RIDLEY NAILS & SPA,PA_05575
NAIL FACTORY,NJ_05576
TRIO NAILS,GA_05577
DEMO LLDTEK - JOHN TRAN,TX_05578
JOHN KHUT,VA_05579
JOHN KHUT,TX_05580
NINA NAILS & SPA,TX_05581
BEST NAILS & SPA,TX_05582
NAILS OF AMERICA,TX_05583
TAMPA NAILS,FL_05584
AMOUR NAILS,MI_05585
PALAZZO NAIL SPA 3,GA_05586
DIAMOND NAILS,GA_05587
JT NAILS,AZ_05588
LEE NAILS,IL_05589
AROMA NAILS & SPA,TX_05590
HEART NAILS,PA_05591
TANGO NAILS,PA_05592
Herbal Nails & Spa,TX_05593
TRICYCLE NAILS & SPA,TX_05594
POSH NAIL LOUNGE,TX_05595
OMNI NAILS,TX_05596
NAIL SPA 45624,FL_05597
PANDAS NAILS BAR & SPA,CA_05598
NOIRE THE NAIL BAR,FL_05599
DEMO-DATNGUYEN,TX_05600
NAIL COLORS,FL_05601
OCEAN WALK NAIL BAR,FL_05602
DEMO LLDTEK PHUONG LOAN,TX_05603
DEMO LLDTEK THU THAO,TX_05604
DEMO LLDTEK THUY DUNG,TX_05605
DEMO LLDTEK VAN NGUYEN,TX_05606
I LOVE NAILS,GA_05607
B AND E NAILS SPA,SC_05608
LUXURY NAILS AND SPA 25684 PC,OH_05609
PAVILION NAIL LOUNGE AT MILTON,GA_05610
MAGIC NAILS,AR_05611
NK NAIL LOUNGE,WA_05612
THE NAIL LOUNGE,GA_05613
LUXURY NAILS & SPA,OH_05614
CRYSTAL GEL NAILS,LA_05615
NAIL BAR,CA_05616
OMAZE NAILS SPA,FL_05617
YOLO NAIL & SPA,PA_05618
BELLEZZA BEAUTY BAR,FL_05619
Paris Nail Spa,PA_05620
TAMPA NAILS,FL_05621
REGAL NAILS,MD_05622
ACCENT NAILS & SPA,FL_05623
POLISHED DAY SPA,FL_05624
LOUIS NAILS,MI_05625
ACCENT NAILS AND SPA 25882 E800,FL_05626
ICOLOR NAIL BAR_ROCK HILL,SC_05627
WYNN NAILS BAR,TX_05628
ORGANIC NAIL BAR,TX_05629
OSCAR NAIL SPA,TX_05630
GLAMOUR NAILS,AL_05631
LV NAILS & SPA,TX_05632
PURE NAIL SPA BAR,TX_05633
2 CUTE NAIL SPA,MS_05634
CUTE NAILS & SPA,MS_05635
COLOR NAILS AND SPA,TX_05636
SELINA NAILS & DAY SPA,FL_05637
VIP NAILS & SPA,FL_05638
L A NAILS AND SPA 56782 E800,AR_05639
VINCI NAIL LOUNGE,OH_05640
VIP NAILS & SPA,AR_05641
DIVA NAILS,WY_05642
TITUS NAIL AND SPA,FL_05643
L A NAILS & SPA OF MONTICELLO,AR_05644
LED NAILS AND SPA,AZ_05645
V NAILS & SPA 04689 E800,GA_05646
NAIL ART,AL_05647
LUCKY NAILS JCP,GA_05648
NAIL FETISH,LA_05649
A & Z NAILS BAR,TX_05650
NAIL LOUNGE AND SPA,TX_05651
LA LUNA NAILS AND SPA,MO_05652
LA BELLE NAILS,GA_05653
TAMPA NAILS,FL_05654
AGENT DUNG DEMO,VA_05655
NAIL AVENUE,SC_05656
SHES NAILS AND SPA 98578 E800,TX_05657
KN NAILS,MI_05658
ELISE NAIL LOUNGE,TX_05659
COCO BEAUTY SALON,MA_05660
NAIL BOUTIQUE,NY_05661
5 ELEMENTS SKIN & NAILS SPA,MA_05662
SIGNATURE NAIL SPA,GA_05663
LV NAILS SPA,FL_05664
ANGEL NAILS,AL_05665
ZEN NAILS & SPA,NJ_05666
PROFRESSIONAIL & SPA,MD_05667
NAIL PERFECTION II,NY_05668
EXPO NAILS 26146 E800,NY_05669
LUMINOUS NAILS & SPA,NY_05670
TIPSY NAILS 78651 E800,IL_05671
HAPPY FEET NAILS & SPA 26161,GA_05672
TOP NAILS AND BAR,NY_05673
MODERN NAIL LOUNGE & SPA,MD_05674
LUV NAILS,NC_05675
LA BELLE NAILS AND SPA,WA_05676
PRO TOP NAILS II,GA_05677
VIP NAILS 26302 E800,IN_05678
CURETON NAILS SPA,NC_05679
VIVA NAILS 00430,CA_05680
NAIL FX,SC_05681
SOLAR NAILS,MN_05682
OCEAN NAILS SPA,SC_05683
LOC BUI MERCHANT SERVICES,OH_05684
NAIL LOVE,VA_05685
DEMO AVC SALON,TX_05686
OASIS NAIL BAR,NC_05687
NEW YORK STYLE SALON,TX_05688
FAIRY NAILS,TX_05689
CREATIVE NAILS & SPA,CA_05690
PEDISPA & NAILS SALON,GA_05691
77 NAIL BAR,TX_05692
VIP NAILS & SPA,TX_05693
DIAMOND NAILS,AL_05694
PHILLYS NAIL SPA,PA_05695
TBRO NAILS AND SPA 29585 E800,SC_05696
SANDALS DAY SPA,MS_05697
JC NAILS,OH_05698
LE'S NAILS,AR_05699
CARYTOWN NAILS AND SPA,VA_05700
HAPPY NAILS 1,TN_05701
FIVE STAR NAILS & SPA,LA_05702
SISTERS NAIL & SPA,IL_05703
LOVER NAILS SPA KISSIMMEE 89836,FL_05704
CLASSIC NAILS & SPA,SC_05705
LASHN NAILS SPA,SC_05706
MAGIC NAILS & SPA,TX_05707
BOGAN NAILS n SPA 15008,GA_05708
PS NAILS & SPA,MN_05709
N VISION SALON & SPA,MS_05710
NIRVANA NAILS SPA,TX_05711
LN NAILS & SPA,OH_05712
LT NAIL SALON,GA_05713
Nails Labelle Salon,UT_05714
CLUB NAILS,MO_05715
SOLAR NAIL SPA,TX_05716
Rich nail lounge,TX_05717
NAILS SO DEP 7710,SC_05718
T LASH STUDIO 26674 E800,TX_05719
INSPIRE NAIL BAR,MD_05720
ROSE NAILS,TX_05721
DA HAIR & NAIL STUDIO LLC,PA_05722
MAJESTIC NAIL SPA,TX_05723
ROSE NAILS,PA_05724
BLOSSOM NAIL & SPA,TX_05725
BLOSSOM NAIL & SPA,TX_05726
D & N NAIL SPA,TN_05727
ELATION NAILS & SPA,TX_05728
NAILS DEMO,OR_05729
NAILS PRO LLC,PA_05730
OCEAN NAILS SPA,NC_05731
LR NAIL BAR,AR_05732
ARTISTIC NAIL SALON,VA_05733
FRENCH NAILS SPA,GA_05734
CITI NAILS & SPA,CA_05735
UPSCALE NAILS SPA,TX_05736
MOON NAILS,TX_05737
EXPO NAILS,NJ_05738
DANNY NGUYEN DEMO,TX_05739
AGENT THANH HO DEMO,CO_05740
ORCHID NAILS,TX_05741
RELAX NAILS SPA,AL_05742
RED NAILS,TX_05743
RELAXING HAIR & NAIL 0555,PA_05744
C & N VIETNAMESE CUISINE,MA_05745
FANZY NAILS,FL_05746
NAIL SALON,TX_05747
GORGEOUS NAILS,NJ_05748
SPA PRO NAILS,TX_05749
HAPPY NAILS 00083 E800,TX_05750
FOXY NAILS,MO_05751
NAIL FIRST,NC_05752
ULTRA NAIL BOUTIQUE,NC_05753
TOP NAILS & SPA,AR_05754
NAILS OF HEAVENLY,TX_05755
DES PERES NAIL SPA 96551,MO_05756
DEMO-AIKHANH,TX_05757
THE LILY PAD SPA & NAIL SALON,VA_05758
NAIL STUDIO,CO_05759
ELITE NAILS,NY_05760
RIO NAIL LOUNGE,TX_05761
V NAILS,CT_05762
V NAILS,CT_05762
LUX QUEEN S NAILS SPA,NC_05764
AURA NAIL BAR,TX_05765
MAJESTIC NAIL & DAY SPA DEMO,NC_05766
T PALACE NAIL SPA,FL_05767
TJ NAILS SPA,MD_05768
NOUVEAU NAILS,OH_05769
5TH NAIL LOUNGE,TN_05770
BORA BORA PEDI SPA & NAILS SAL,TX_05771
CRYSTAL NAILS,AR_05773
H LASHES AND BROWS 06684,TX_05773
H LASHES & BROWS,TX_05774
HYDRA NAILS & SPA,TX_05775
TRANQUILITY NAILS 10170 E800,NY_05776
NAIL BAR 54 LLC,DC_05777
DELUXE NAIL SALON,TX_05778
DELUXE NAIL SALON,TX_05779
LEVON NAILS N SPA 10820 e800,GA_05780
CK NAILS & SPA,MS_05781
ALEXS NAIL ART & SPA 10848,FL_05782
ALEXS NAIL ART & SPA,FL_05783
EM NAIL SPA,PA_05784
BELLA SPA & NAILS,TX_05785
Lush Nail Bar,DC_05786
MODERN NAILS LOUNGE,TX_05787
DEMO-DANIELPHAM,TX_05788
DEMO-DAVIDTIET,TX_05789
FRANKLIN ACCOUNT AND TAX LLDTEK DEMO,GA_05790
IV NAILS,TX_05791
VINA'S NAILS,TX_05792
VINAS NAILS,TX_05793
Nails by J,CA_05794
BELLISSIMO NAILS & SPA 4570,MA_05795
NAIL STUDIO & BAR 14176,NY_05796
VALENTINO NAIL BAR,NC_05797
OH LA LA NAIL SPA,IL_05798
HAPPY NAILS,TX_05799
Z NAILS & SPA,OR_05800
TRANQUILITY NAIL & DAY SPA,NY_05801
VINA'S NAILS 14265,TX_05802
NAIL PALACE,NY_05803
NAILS ALLURE,MD_05804
SUNNY NAILS & SPA,MO_05805
SUNNY NAILS & SPA,MO_05806
PAMPER & POLISH,TX_05807
NAIL PLUS,TX_05808
NAIL PLUS,TX_05809
OH NAILS SUPPLY,CA_05810
NAILS OF AMERICA,TX_05811
CRYSTAL NAILS,MI_05812
BELLAGIO NAIL BAR,GA_05813
ROYAL NAILS & SPA,SC_05814
CK NAILS,NJ_05815
NAILS BY LT,NC_05816
TIME FOR ME NAILS AND SPA,PA_05817
NAILS OF AMERICA,TX_05818
MAJESTIC NAIL SALON,TX_05819
MAJESTIC NAIL SALON,TX_05820
SUN NAILS 2,KY_05821
EXPO NAILS 2,NY_05822
MIDLANDS NAILS & SPA,NE_05823
BK NAILS,GA_05824
T & L NAILS,MI_05825
SPOTON SALON,TX_05826
SUPER NAIL SPA & HAIR,PA_05827
ALICE NAILS AND SPA,TX_05828
PRECIOUS NAILS & SPA,MA_05829
YEN NAIL SALON,PA_05835
GOLDEN NAILS,NJ_05831
MAC USA AGENT DEMO,GA_05832
ALL TEN NAILS,DE_05833
EXCLUSIVE NAILS SPA,VA_05834
LEE VISTA NAILS & SPA,TX_05841
DS NAILS AND SPA,MN_05836
DEMO LOC TRAN,TX_05837
DEMO SPOTON - TUAN TRAN,CA_05838
DEMO SPOTON - MINH TRUONG,CA_05839
AVANTE BEAUTY LOUNGE,NC_05840
DIAMOND NAILS,PA_05842
FANTASIA NAILS BAR,TX_05843
LASHES & NAILS SPA,TX_05844
DEMO SPOTON - RACHEL WONG,CA_05845
DEMO SPOTON - CAROLINE PRESCOTT STEVENS,CA_05846
DEMO SPOTON - PAUL CHEN,CA_05847
DEMO SPOTON - CHRISTIAN MARTINEZ,CA_05848
DEMO SPOTON - MIKE SHORT,CA_05849
DEMO SPOTON - DOUGLAS ARANGUREN,CA_05850
DEMO SPOTON - MIHWA ALLEN,CA_05851
DEMO SPOTON - CUONG BUI,CA_05852
DEMO SPOTON - DOAN PHAT,CA_05853
DEMO SPOTON - NHU PHAN,CA_05854
DEMO SPOTON - JAIIME PEREZ,CA_05855
DEMO SPOTON - DON VU,CA_05856
DEMO SPOTON - ERIC PHAN,CA_05857
SASSY NAILS & SPA,MT_05858
LADY Q NAILS,WY_05859
Bikram Yoga Sarasota,FL_05860
EL COPLERO LLC,FL_05861
SHARK CUT,PA_05862
TONYS NAILS,PA_05863
OCEAN NAILS & SPA,WV_05864
LUSS NAILS BAR,NY_05865
NATOMAS NAILS,CA_05866
SIGNATURE NAILS SPA,KS_05867
PRETTY NAIL SALON,PA_05868
NAIL BOSS DESIGN SALON,TX_05869
FASHIO NAILS & SPA,TX_05870
ANGEL NAILS,AR_05871
COLLEGEVILLE NAILS,PA_05872
PRETTY NAILS,NJ_05873
SKILLFUL NAILS,AZ_05874
QUEEN OF NAILS,GA_05875
CT NAILS,IL_05876
SPARKLE NAILS & SPA,PA_05877
UNIQUE NAILS AND SPA,NC_05878
USA NAILS,LA_05879
SUNSHINE NAILS & SPA,GA_05880
HELLO NAILS AND SPA,TX_05881
HELLO NAILS AND SPA,TX_05882
OOH LA LAA NAILS,FL_05883
XCLUSIVE NAIL LOUNGE,UT_05884
COLOR NAILS AND SPA,TX_05885
TS NAIL BAR,CA_05886
AVA NAIL BAR,IL_05887
LASHES NAILS AND SPA,FL_05888
WALTON NAILS & SPA,MO_05889
LUX NAILS,NJ_05890
LAVISH NAIL BAR,TX_05891
COFFEE N NAILS,TX_05892
BEAUTY NAIL SPA,VA_05893
BEAUTY NAIL SPA,VA_05894
VIP NAILS,MI_05895
URBAN NAIL BAR,TX_05896
LASHES NAILS & SPA,FL_05897
5th NAILS LOUNGE,TN_05898
NASH VEGAS NAIL BAR,TN_05899
LIBERTY NAILS & SPA,MO_05900
MODERN SPA AND NAILS,PA_05901
ELEGANT NAILS,IN_05902
ELEGANT NAILS 1923,IN_05903
BEYOND CUTICLE NAIL SALON,PA_05904
SKY LASH AND NAIL SPA,TX_05905
DIVINE NAILS,VA_05906
MIRACLE NAILS SPA,VA_05907
RAW LAB SPA LLC,PA_05908
LOTUS NAIL SPA 4252,TX_05909
LOTUS NAIL SPA 4252,TX_05910
GLITZ & GLAM NAILS SPA,NV_05911
SAVVY NAILS & SPA 0489,TX_05912
LISLE NAILS,IL_05913
JIM NAILS SPA,NJ_05914
PRETTY NAILS,PA_05915
CRYSTAL SALON,CT_05916
LOVE NAILS,MD_05917
LA NAILS & SPA,PA_05918
PHUONG'S HAIR SALON 3468,MA_05919
PHUONG'S HAIR SALON 3468,MA_05920
PHUONG S HAIR SALON,MA_05921
METTA NAIL & SPA,FL_05922
ERIE BEAUTY PLUS,PA_05923
FASHION NAILS AND SPA,CT_05924
ERIE NAILS,PA_05925
DEMO TMS - KENNY TRAN,TX_05926
POST OAK NAIL LOUNGE,TX_05927
POST OAK NAIL LOUNGE 4813,TX_05928
PEACHE NAILS & SPA,GA_05929
ROSES NAILS SALON,TN_05930
NOUVEAU NAIL,NE_05931
BELLAGIO NAILS SPA,TX_05932
VANITY NAIL & SPA,FL_05933
LAMOUR NAIL BAR 40708,IN_05934
320 NAIL STUDIO,PA_05935
FOUR SEASONS NAILS 6009,MO_05936
PRO NAILS,GA_05937
L AMOUR NAIL BAR,IN_05938
HOLLY'S NAILS & SPA,CA_05939
COSMO NAIL LOUNGE 6866,NC_05940
DIVA SPA & NAILS,UT_05941
FOREVER YOUNG NAIL SPA 7474,CO_05942
LES MAINS NAIL BAR,GA_05943
SPOTON DEMO - VY HO,CA_05944
DIVA NAILS,CA_05945
NAILS OF AMERICA,TX_05946
NOIRE NAIL BAR JAX,FL_05947
ALLURE NAIL SPA 7703,FL_05948
LA NAILS,GA_05949
ISLAND NAILS,PA_05950
NAIL PROS,AL_05951
MAGNOLIA NAILS & SPA,LA_05952
CUTE NAILS & SPA,NY_05953
DIVINITY NAIL SPA,NC_05954
MAGIC NAIL SALON & SPA,IA_05955
NEW YORK NAIL AND SPA,TX_05956
NAILS4U,TX_05957
SERENITY NAILS SPA,TX_05958
NAIL STYLES,TN_05959
BLUE DIAMOND SPA & NAILS,NV_05960
LENA NAILS AND SPA,TX_05961
DIVA NAILS & SPA,NJ_05962
TOP COAT NAILS AND LASHES 9792,CA_05963
HOLLYS NAILS & SPA,CA_05964
NAIL EXPO,MD_05965
PERFECTION NAILS & SPA,TX_05966
NAIL 54,PA_05967
CP NAILS,IN_05968
LUSH NAILS SPA,TX_05969
BELLA NAIL BAR,WV_05970
CREATIVE NAIL LOUNGE,TX_05971
GALAXY NAILS & SPA,TX_05972
T NAILS SPA,MA_05973
MODERN EDGE SALON SPA 5838,VA_05974
JENNY NAILS,FL_05975
DALIYAH NAILS & SPA,FL_05976
RITZ NAILS & SPA,KS_05977
JAMES'S SALON,CA_05978
VV NAILS AND SPA,CO_05979
MERIAM NAIL AND SPA,CA_05980
NAILS USA,MI_05981
MIRACLE NAILS,VA_05982
PLEASANTON NAIL SALON,CA_05983
QV NAIL BAR 47202,NC_05984
SIGNATURE NAILS SPA 7505,LA_05985
HawthornEpay Demo,CA_05986
POSH NAIL SPA,NJ_05987
OCEAN NAILS,PA_05988
PRO NAILS SPA,CA_05989
K NAILS & SPA,OR_05990
PREMIER NAILS,GA_05991
FASHION NAILS & SPA,TX_05992
Jennie Low Chinese Cuisine of Novato,CA_05993
OCEAN NAILS AND SPA,PA_05994
BLOOM NAILS 53472 e800,TX_05995
DES PERES NAIL SPA,MO_05996
FIRST MERCHANT DEMO ACCOUNT,GA_05997
Z NAILS SALON,PA_05998
MADAME NAIL SPA,GA_05999
BEVERLY NAILS,NJ_06000
NOIRE THE NAIL BAR BELLE MEADE,TN_06001
NOIRE NAIL BAR BELLE MEADE 531,TN_06002
LUX NAILS AND SPA,PA_06007
LTD Nails,PA_06004
TIPS & TOES NAIL SALON,TX_06005
I NAILS AND SPA 51946,MO_06006
EXTON NAILS,PA_06007
Q NAILS & SPA,MA_06008
FASHION NAILS & SPA 41351,TX_06009
DREAM NAILS SALON,WI_06010
I SPA NAILS,LA_06011
BLISS NAILS SPA,TX_06012
EMERALD NAIL,FL_06013
BELLA NAILS,MN_06014
WESTYN BEAUTY NAIL SPA,FL_06015
NAIL STUDIO,AK_06016
HONEY NAILS,VA_06017
UPIK NAIL SPA,NC_06018
NAILS LUV & SPA,GA_06019
N FOR NAIL LOUNGE,CA_06020
GOLDEN NAILS,MI_06021
AJ NAILS & SPA,OH_06022
REGAL NAILS,OH_06023
ENCORE NAIL BAR 24257,FL_06024
ENCORE NAIL BAR 24257,TN_06025
NOBILITY NAILS,PA_06026
OXYGENIX NAIL LOUNGE,FL_06027
SEA NAILS,SC_06028
COWBOYS NAIL BAR LITTLE ELM,TX_06029
NEOVIBE SPA & NAILS,FL_06030
V V NAILS,SC_06031
SPARKLE NAILS & SPA,PA_06032
K & C NAILS,MO_06035
K & C NAILS,MO_06034
COWBOYS NAIL BAR,TX_06042
NV NAILS AND SPA,NM_06036
SEA NAILS,SC_06037
AMBIANCE NAIL AND ORGANIC SPA,NJ_06038
KIM NAILS SALON,PA_06039
COWBOYS NAIL BAR FRISCO,TX_06040
HERITAGE NAILS & SPA,TX_06041
BAR NAILS,PA_06043
WYNN NAIL SPA,TX_06044
STAR NAILS AND SPA,KS_06045
CELINE NAILS & SPA  ,IL_06046
FOUR SEASON NAIL SPA,OH_06047
PT NAIL & SPA,MN_06048
NICE NAILS,TN_06049
FASHION SPA NAIL,CA_06050
MY NAILS SPA,PA_06051
VICTORIA NAILS & SPA,TX_06052
ANGELS NAILS AND SPA,CA_06053
PERFECTLY POLISHED,NC_06054
AMAZING NAILS & SPA,TX_06055
LA NAILS,IN_06056
M B NAILS & SPA,NY_06057
LILI NAILS WEBTER,NY_06058
MICHELLE NAILS & SPA,CA_06059
VIP NAILS,TX_06060
A NAIL BAR,TX_06061
RAINBOW CUT NAILS & SPA,NY_06062
BEAUTY NAILS & SPA,MA_06063
JULIE NAILS,NY_06064
EXPO NAILS,NY_06065
ST NAILS & SPA,PA_06066
LOVELY NAILS 2,NY_06067
MOANA NAILS LOUNGE 274208,TX_06068
US NAILS & SPA,TX_06069
JOY SPA & NAIL,PA_06070
EVON NAILS AND SPA,TX_06071
QUEEN NAILS & SPA,WV_06072
AQ NAILS,IL_06073
PURE NAIL BAR,TN_06074
5TH NAIL SPA,TN_06075
BEAUTY GLAM BY YEIMI,CA_06076
NEEDHAM NAILS & SKIN CARE,MA_06077
GAIA ORGANIC NAILS,CA_06078
KIM'S NAILS,NC_06079
CHATEAU DAY SPA & NAILS,TX_06080
DEMO MAC USA HOU,TX_06081
LV NAIL SPA,TX_06082
NOBU NAIL BAR,KY_06083
KP NAILS & MORE,VA_06084
SOLEIL NAILS,NY_06085
NOVEE NAIL LOUNGE,KY_06086
SL NAIL AND SPA,GA_06087
LUMINOUS NAILS AND SPA,MA_06088
NAILS N BEAUTY SPA 279267,GA_06089
VENTURA NAILS & SPA,OR_06090
HOUSE OF NAILS,TX_06091
AVA NAILS,NH_06092
MAILE NAILS,TX_06093
HIGHLAND NAILS SALON,TX_06094
STAR NAIL BAR,GA_06095
HIGHLAND NAILS SALON,TX_06096
GLITTER NAILS & SPA,CO_06097
EVON NAILS SPA 270408,TX_06098
CHIC NAILS LOUNGE,TX_06099
FABULOUS NAILS,CA_06100
DEMO SPOTON TRIEU HOANG,CA_06101
BLUSH NAIL SALON,FL_06102
HEART NAILS AND SPA,TN_06103
HER LASH AND NAIL SPA 26229,TX_06104
4 SEASON NAILS,IA_06105
NUMBER 1 NAILS,PA_06106
NEO NAIL SPA,NC_06107
URBAN NAILS,KS_06108
DEMO SPOTON GIA TRAN,CA_06109
FLOWER NAILS,NC_06110
LE'S MAINS NAILS BAR,GA_06111
ELITE NAILS & LASHES,IN_06112
CALIFORNIA NAILS,AL_06113
COSMO NAIL LOUNGE,TX_06114
MILWAUKEE NAIL & TOE SPA,WI_06115
TOWNE LAKE NAILS 06452,GA_06116
NAILS OF AMERICA,TX_06117
ANGIES NAILS,NY_06118
PRO TOP NAILS,AL_06119
LIVIK NAIL,TX_06120
DEMO SPOTON FRANCISCO HERNANDEZ,CA_06121
FOLLANSBEE NAILS & SPA,WV_06122
NAILOGICA,TX_06123
lldtek vinh,TX_06124
ARTISTIC NAILS SPA,HI_06125
GOT NAILS,OR_06126
SUSAN NAILS,MO_06127
COROLLA NAIL LOUNGE,NC_06128
LUXURY NAILS SPA,FL_06129
SUGAR POLISH NAIL BAR,GA_06130
KIM CLASSY NAILS,NE_06131
CHAMPIONS NAIL SPA,TX_06132
HAPPY NAILS & DAY SPA,TX_06133
LUX NAILS AND SPA,PA_06134
DIVA NAILS SPA,TX_06135
NAILS OF AMERICA,TX_06136
JENNYS NAILS,GA_06137
BELLA NAILS,OH_06138
LC NAILS,OH_06139
10 PERFECT NAILS,TX_06140
ROYAL NAILS,PA_06141
EXTRAVAGANT NAILS & SPA,KY_06142
LC NAILS,MO_06143
PROSPER DELUXE NAIL SPA,TX_06144
LOVELY NAILS & SPA,OR_06145
SKY NAILS,AL_06146
NAIL OF AMERICA & SPA,VA_06147
SKY NAIL SPA,MO_06148
SQUARE ONE NAILS AND SPA,OH_06149
QNAIL SALON,UT_06150
RICH AND FAMOUS NAIL SPA,TX_06151
YOUR NAILS,IL_06152
PRO NAILS,MA_06153
PINKYS NAIL & SPA,TX_06154
P & P NAIL & SPA,CT_06155
OMBRE NAILS SPA,FL_06156
HAVEN BEAUTY LOUNGE,IN_06157
NOIRE NAIL BAR,GA_06158
FINESSE NAILS,NC_06159
CLASSIC NAILS,GA_06160
VIP NAIL & SPA,AK_06161
NAILS DELUX,TX_06162
SILVER NAILS SPA,GA_06163
LA NAIL BAR,IL_06164
LAVISH NAILS AND SPA,SC_06165
NAILS OF NEW ALBANY,OH_06166
SUPER NAILS SALON,GA_06167
NU IMAGE NAILS,IL_06168
NAILS LUX,FL_06169
ANNA NAIL SALON,NJ_06170
LUXURY NAILS,PA_06171
LNC NAIL & SPA,NJ_06172
SHINY NAILS,TX_06173
POLISH ME NAILS SPA SALON ,CA_06174
TRENDY NAILS SALON,GA_06175
VA NAILS,VA_06176
SWEET NAILS,LA_06177
ANGEL NAIL BAR,TX_06178
TA NAILS,OH_06179
CREATIVE NAIL LOUNGE,TX_06180
HAPPY NAILS & SPA,TX_06181
NAIL FX,SC_06182
LYNN NAILS & SPA,PA_06183
VIP NAIL AND SPA,ND_06184
LAMOUR NAIL SPA,TX_06185
LUXE NAIL SPA 09341,GA_06186
LV NAILS & SPA,TX_06187
LASHES NAILS SPA,TX_06188
NEW STAR NAILS AND SPA,NJ_06189
GLAMOUR NAILS,PA_06190
NAIL INC,TX_06191
GRAND NAILS & SPA,TX_06192
BLESSED NAILS & SPA,NJ_06193
VIVA FACE & BODY,PA_06194
RIC NAILS & SPA,MO_06195
POPPY NAILS BOUTIQUE,NC_06196
GLOSS NAIL LOUNGE,TX_06197
LUXURY NAILS & SPA,TX_06198
C NAILS AND SPA,TX_06199
PARADISE NAIL SPA,TX_06200
T N NAILS & SPA,GA_06201
LACQUER NAIL BAR,GA_06202
DEMO TOM NGUYEN,TX_06203
VY NAIL SPA 79662,GA_06204
WENDY NAILS,NC_06205
DEMO VU CHU AGENT,TX_06206
LA BELLE NAILS,NC_06207
LOVELY NAILS,GA_06208
SARAHS NAILS,IN_06209
PEARLA NAIL SPA,FL_06210
GRAND NAILS SALON,GA_06211
LUXURY NAILS,OH_06212
CLOUD 9 NAIL BAR,TX_06213
NAILS ART,TX_06214
ANGELCYNA NAILS,MO_06215
GLAMOUR NAILS & SPA,TX_06216
LA NAILS 17733,GA_06217
I NAILS,TN_06218
IDOL NAIL BAR,LA_06219
ALLURE SPA NAILS BAR,GA_06220
L E NAILS,FL_06221
BLOSSOM NAIL SALON,VT_06222
LUX NAIL BAR,UT_06223
LES NAILS AND SPA,ID_06224
5TH STREET NAILS AND SPA,PA_06225
REALITY NAIL SALON,PA_06226
QTIE NAIL LOUNGE,CA_06227
HAPPY NAILS AND SPA,NY_06228
C.A.T NAILS & SPA,TX_06229
4T NAILS & SPA,TX_06230
GRACE NAILS SPA,GA_06231
BRANDON NAIL SALON,PA_06232
LE VERNIS NAIL STUDIO,MA_06233
SPARKLE NAILS,TX_06234
STAR NAILS SALON 24832,GA_06235
CHIC VARNISH NAILS,DE_06236
ORGANIC NAIL BAR,TX_06237
NOIRE NAIL BAR,AL_06238
LC NAILS 2,OH_06239
LOVELY NAILS,IN_06240
PG NAILS & SPA II,MD_06241
DYNASTY NAIL SPA,GA_06242
HONEYBEE NAIL & SPA,TX_06243
STARS NAILS SPA,GA_06244
NATURAL NAILS,FL_06245
TRUE NAILS,OH_06246
COZY NAIL SPA,TX_06247
LV NAIL SPA,TX_06248
PARK AVENUE NAILS SALON,RI_06249
NAILS OF CAPRI,GA_06250
TL NAILS AND GLAMOUR SPA,VA_06251
INFINITY NAIL SPA,NV_06252
JV NAILS AND SPA,MI_06253
GLOW BEAUTY NAILS & SPA LLC,PA_06254
TL NAILS SPA,TX_06255
XCLUSIVE NAILS,GA_06261
ROYAL NAILS AND SPA,FL_06257
LV NAIL & SPA,TX_06258
ROYAL NAIL SPA,AL_06259
SUPER HAND PEDI SPA,TX_06260
T & A NAILS,IL_06262
SUPER NAILS SALON & SPA,GA_06263
TN NAILS,UT_06264
1ST MC DEMO ANH TUAN,GA_06265
VALLEY PARK NAIL SALON AND SPA,MO_06266
BLINK AND POLISH NAILS & SPA,IL_06267
LAMOUR NAILS SPA,FL_06268
POSH NAILS AND SPA,FL_06269
LAKESHORE NAILS AND SPA,AL_06270
GLAMOR NAILS & SPA,TX_06271
AMBER NAILS AND SPA,TX_06272
COSMO NAILS LASHES,FL_06273
DIAMOND NAILS & SPA,TX_06274
L AMOUR NAILS,IL_06275
NANCY SPA NAILS,IN_06276
SOPHIA SPA & NAILS,TX_06277
EXQUISITE NAILS,GA_06278
DEMO LLDTEK RACHEL,TX_06279
EXQUISITE NAILS,GA_06280
KT NAILS BAR,NC_06281
AVA NAIL SPA,FL_06282
SOHO NAILS SPA,IN_06283
CENTURY NAILS SPA LLC,PA_06284
WOW HAIR DESIGNS,FL_06285
NAIL STUDIO SPA,NY_06286
ORIENTAL NAIL SALON,PA_06287
ELEGANT NAIL SPA,TX_06288
GARDENIA NAIL SPA LLC,PA_06289
LUXX NAILS AND SPA,TX_06290
VIP NAILS AND SPA,WV_06291
NAILS &TOES,GA_06292
STUDIO N9,TX_06293
ELEGANT NAILS,NC_06295
LA BELLE NAIL BOUTIQUE,CA_06294
KD NAILS & SPA,KS_06296
MT NAILS SPA,TX_06297
BAMBOO NAILS,MI_06298
TRI V NAIL SPA,TX_06299
BLOOMING NAILS & SPA,OK_06300
SERENITY NAIL SPA,TN_06301
TMS DEMO TUAN HO,NC_06302
MAJESTIC NAILS & SPA,GA_06303
STATE BRIDGE NAIL BAR SALON,GA_06305
HAPPY NAILS AND WAX,TN_06306
ROYAL NAILS AND DAY SPA ,FL_06307
LAVISH NAIL BAR,IA_06308
ALLURE NAIL SPA ,GA_06309
LUSH NAIL SALON,GA_06310
ALLURE NAILS BAR,GA_06311
TIFFANY NAILS,GA_06312
SASSY NAIL BAR,NC_06313
TOPCOAT NAILS AND SPA,NC_06314
BLUTIQUE BEAUTY BAR,NY_06315
SPOTON DEMO HAILEY PHAM,TX_06316
A NAILS KT,GA_06317
EM NAILS & BEAUTY SALON,TX_06318
LUXE NAILS AND SPA,SC_06319
NAIL ZONE,SC_06320
OASIS NAILS AND SPA,NM_06321
OCEAN NAILS SPA,NC_06322
DESIGN CUTS,FL_06323
ANNS NAILS & SPA,TX_06325
APPLE NAILS AND SPA,CA_06326
GO NAILS,PA_06327
KD NAILS,AZ_06328
HEY CUTE NAILS,TX_06329
614 NAIL BAR,OH_06330
USA NAILS,FL_06331
PRETTY NAILS,FL_06332
QT NAIL BAR,SC_06333
KIMMIES NAILS SALON,GA_06335
NAILS OF AMERICA,MA_06336
ZEN NAILS AND SPA,SC_06337
HOBART NAILS AND SPA,IN_06338
SP NAILS,GA_06339
PRO NAILS,SC_06340
DIVINE NAIL SPA 50562,NY_06341
ANGEL NAILS & SPA,GA_06342
Q. NAILS,OH_06343
JOJO NAILS SPA,TX_06344
BLISS NAILS,CT_06345
NAILS SO HAPPY,FL_06347
5TH AVENUE NAILS & SPA,TX_06349
MIX NAILS & SPA,TX_06348
ALL THAT BEAUTY BAR,CA_06350
ROYAL SPA LOUNGE,CA_06351
EMPRESS NAILS,TX_06352
SUN N NAILS 53943,GA_06355
TC NAILS & SPA,TX_06353
THANH EYEMAZING LASHES,MA_06354
LOVELY NAILS,CT_06356
GOSSIP NAIL SPA,TX_06357
VICTORY NAILS & SPA,TX_06358
POSH NAILS & SPA,TX_06359
BLUME BEAUTY BAR,LA_06360
POLISHED NAILS & SPA,TX_06361
TY NAIL AND SPA,OK_06362
TS SPA NAILS,TX_06363
D CROWN NAIL BAR,TX_06364
TINA NAILS,FL_06365
V NAILS & SPA,NC_06366
AP NAILS,NY_06367
NAIL PORT EXPRESS,TX_06368
RELAX NAILS SPA,SC_06369
LAVISH NAIL LOUNGE AND SPA,TN_06370
GLEE NAIL BAR ALLEN,TX_06371
SERENITY NAIL SPA,AL_06372
D CROWN NAIL BAR,TX_06373
LOVETT BEAUTY SCHOOL,GA_06374
TIMELESS SALON & SPA,GA_06375
GIVERNY SPA,IL_06376
MAGIC LASH & NAILS,TX_06377
ANN SPA & NAILS,FL_06378
NU NAILS SPA,GA_06379
BELLA VISTA NAILS AND SPA,TX_06380
MISS SAIGON NAILS & SPA,WA_06381
EAGLE NAILS AND SPA,TX_06382
ENVY NAIL BAR,FL_06383
VENETIAN NAIL BAR AND SALON,TX_06384
SKY NAILS,AR_06385
TOP NAILS,PA_06386
CINDERELLA NAILS,PA_06387
PEARL NAILS & BAR,NY_06388
TEXAS NAIL BAR ,TX_06389
AMY'S LASH & BROWS,FL_06390
HANNAS NAILS,LA_06391
EZ NAILS,TX_06392
PRETTY & PAMPERED NAILS,TX_06393
INSTYLE NAILS,GA_06394
TAYLOR NAIL AND BAR,TX_06395
ROSE NAIL LOUNGE,FL_06396
PERFECT ONE NAILS,CA_06397
CREATIVE NAILS,IL_06398
SPA NAIL,TX_06399
TYLER NAILS,TX_06400
BUI808 NAILS SPA,FL_06401
ROYAL NAIL SPA 367199,AL_06402
TURBO NAIL & SPA,GA_06403
LEXI NAILS,WI_06405
NAILS LUX SPA,TX_06406
NAILS STUDIO 54,AZ_06407
FIRST PRO NAIL,GA_06408
GURU NAIL BAR 69570,CA_06409
LILIS NAILS & SPA,TX_06410
KING ARTHUR SALON,CA_06411
ILAND PEDISPA LAKEVIEW,LA_06412
GALA NAILS & SPA,TX_06413
VENETIAN NAILS DAY SPA,TX_06414
AZ TIP AND TOES NAILS AND SPA,AZ_06415
MY NAIL SPA & SALON,FL_06416
LAVI NAILS,NJ_06417
ARTIST NAILS,MI_06418
FACTOR NAIL SPA,IN_06419
PURE NAIL BAR Zip 33702,FL_06420
TEXY NAILS,TX_06421
DIAMOND NAIL SPA,TX_06422
COCO NAILS BAR,NC_06423
GLASS NAILS & SPA,AR_06424
MIRA NAILS,MI_06425
DACULA NAILS & SPA,GA_06426
DELUXE NAILS & HAIR SALON,TX_06427
VU HAIR SALON,GA_06428
NAILS OF AMERICA,TX_06429
ELEGANT NAIL LOUNGE 01301,GA_06430
CALIFORNIA NAILS AND SPA,FL_06431
EMELI KATE,KS_06432
NAILS ART,VA_06433
ALLURE NAIL BAR,CO_06434
CREATIVE NAIL SPA,ID_06435
LEE SPA NAILS,AL_06436
TOP NAILS,TN_06437
PARIS BEAUTY LOUNGE,TX_06438
VIP NAIL STUDIO II,MD_06439
ANNA NAIL SALON,PA_06440
EDGEBROOK NAILS,TX_06441
DACULA NAILS N SPA - Deactivate,GA_06442
NANCY NAILS 75420,CT_06443
VANNY NAILS,FL_06444
DEMO 1ST MERCHANT,GA_06445
BOSSY NAILS AND SPA,SC_06446
CANDLELIGHT NAILS & SPA,GA_06447
CASTLEBERRY NAILS AND SPA,GA_06448
LOVELY NAILS N SPA - E800,GA_06449
PEPPER TREE PARK SALON,TX_06450
CLOU NAIL BOUTIQUE,LA_06451
PROFESSIONAL NAIL AND SPA,CA_06453
TIC TAC NAILS,FL_06454
VANITY,NY_06455
V-PRO NAILS,MD_06456
SASSY HAIR & DAY SPA,VA_06457
D N D NAIL SPA,WA_06458
JIMMY NAILS,TX_06459
MILLIONS HAIR & NAILS,CA_06460
LAVENDER LASHES & SPA,TX_06461
TIPTOP NAILS SPA ,NC_06462
NIFTY NAILS 09910,GA_06463
UNIQUE LASH AND NAILS,TX_06464
GRANDVIEW NAILS SPA,OH_06465
PINK POLISH NAILS & LASH,FL_06466
ADORE NAIL SPA,TX_06467
VENETIAN NAILS DAY SPA,TX_06468
T-NAIL SPA,GA_06469
GLAMOUR NAILS & SPA,WI_06470
SKY NAILS,GA_06471
NT NAILS,GA_06472
HOUSE OF POLISH,CA_06473
EXPERT NAILS,CA_06474
SKY NAILS AND SPA,OH_06475
LOVE NAILS AND SPA ,MI_06476
KISSABLE NAILS,NJ_06477
SOCIAL NAIL BAR,OH_06478
LE V LASER MED SPA,TX_06479
GALAXY NAILS,TX_06480
AVALON NAILS & SPA,TX_06481
CRESCENT NAILS AND SPA,OR_06482
TEE NAILS AND SPA,IL_06483
SPARKLES NAILS LOUNGE,NJ_06484
NAILLINIS SPA,FL_06485
FANCY NAILS,TX_06486
BEST CARE NAILS,MI_06487
DANIEL ISLAND NAIL LOUNGE,SC_06488
NAIL POSH,AL_06489
G NAILS,NC_06490
UT GREAT NAILS,TX_06491
LEGACY NAILS & SPA,WA_06492
ARIA NAILS,UT_06493
SUN NAILS & SPA,NC_06494
J & K SALON,WA_06495
MAUI NAILS AND SKIN,TX_06496
NAILS AND SPA SUPER CENTER,FL_06497
NAILBOX SALON,SC_06498
VELVET NAIL BAR II,FL_06499
MES AMIES NAILS BEAUTY LOUNGE,CA_06500
KIM S NAILS,MI_06501
THE BEST NAIL,AR_06502
MES AMIES NAILS BEAUTY SPA,CA_06503
VENUS NAILS AND SPA,TX_06504
NV US NAILS AND SPA,CA_06505
NAIL LOUNGE,MI_06506
LOVELY NAILS N SPA E800,OR_06507
THE NAIL PALACE,NV_06508
VA NAIL,TX_06509
MILANO NAILS AND SPA,TX_06510
MINDY NAILS BAR,CA_06511
PALACE NAILS SPA,TX_06512
FUSION NAILS & SPA 29207,TX_06513
AK NAIL SALON SPA,NY_06514
PARADISE NAILS,TX_06515
NAIL SPA ONE,TX_06516
DUNCAN CORNERS NAIL SALON,GA_06517
ALL ABOUT YOU NAILS,TX_06518
VELVET NAIL BAR II,FL_06519
PREMIERE NAILS,NC_06520
KAI NAILS & SPA,CA_06521
CAPITAL NAIL BAR,TN_06522
MYE NAILS AND SPA,DC_06523
USA CALIFORNIA NAILS,TX_06524
SAIGON NAILS,MT_06525
ESSENCE NAIL SPA,NC_06526
THE NAIL PLACE,MT_06527
ORGANIC NAILS BAR,MD_06528
BELLA VIDA NAIL SPA,NC_06529
FINE NAILS,GA_06530
T & T Magic Nails,CA_06531
MILANO NAIL SPA,TX_06532
LAVIE NAIL BAR,TX_06533
MOON NAILS & SPA,TN_06534
MOON NAILS & SPA,TN_06535
BB NAIL SALON COCKTAIL,OH_06536
PRETTY NAILS,GA_06537
DYNASTY NAILS,NC_06538
BOUTIQUE NAILS & SPA,FL_06539
ARTIST NAILS AND SPA,TX_06540
LE NAILS,LA_06541
JOHNS CREEK NAILS AND SPA,GA_06542
TODAYS NAILS,TX_06543
MODERN NAILS,TX_06544
NAIL SPA DI,MN_06545
NAIL SPA TWO,MN_06546
PAVILLION NAIL LOUNGE,GA_06547
STAR NAILS,PA_06548
MICHELLE NAILS,MO_06549
Q NAILS,UT_06550
PICASSO NAILS AND HAIR,TX_06551
SHANGRI-LA NAIL & SPA,CA_06552
CUTIE NAILS,CA_06553
NAIL SHOP,FL_06554
SC NAILS,SC_06555
PURE NAIL SPA,TN_06556
AUGUSTA NAILS,SC_06557
US NAILS,IL_06558
LD NAILS AND SPA,IL_06559
LUXA NOVA NAIL,FL_06560
Q NAIL 05914,GA_06561
Q NAIL,GA_06562
PRO NAILS,IN_06563
MY NAILS,GA_06564
PARIS NAIL LOUNGE,NV_06565
ANGEL NAILS,TX_06566
CITY NAILS & FACIAL,TX_06567
5 STAR NAILS AND SPA,OR_06568
ADORE NAILS,LA_06569
MS NAIL SPA ,GA_06570
TOPCOAT NAIL SPA,CA_06571
ALLURE NAIL SPA,NY_06572
PARIS NAILS,TX_06573
MARCEL NAILS AND SPA,TX_06574
US NAILS,IL_06575
T N T NAILS SPA,CO_06576
SUGAR POLISH NAIL BAR,GA_06577
LAVENDER LASHES & SPA,TX_06578
EXECUTIVE NAILS AND SPA,TX_06579
FIRST PRO NAIL,GA_06580
KITTY NAILS & SPA,CA_06581
SOHO NAILS & SPA,MO_06582
PINK NAIL LOUNGE AND BOUTIQUE,TX_06583
ELITE NAILS & SPA,TX_06584
OPI NAILS SPA,TX_06585
NAIL TEK,NJ_06586
PREMIER NAILS,TN_06587
BUCKHEAD NAIL STUDIO,GA_06588
AIVY NAIL SPA,GA_06589
THE NAIL SPA,CA_06590
APPLE NAILS AND SPA,NV_06591
VENUE NAILS & SPA,TX_06592
VN HAIR AND NAIL SALON,NJ_06593
GORGEOUS NAILS,TX_06594
MT NAILS & HAIR,TX_06595
NAILOLOGY NAILS AND SPA,NJ_06596
NAILOLOGY NAILS AND SPA,NJ_06597
NAILOLOGY NAILS & SPA,NJ_06598
2 CUTE NAIL SPA,TN_06599
VIVA NAIL SPA,TX_06600
PROFESSIONAL NAILS,PA_06601
M & P NAIL SPA,IL_06602
KT NAILS & SPA,MS_06603
MAPLEWOOD NAILS & SPA,MO_06604
TOP NAILS,NC_06605
US NAILS,PA_06606
NAIL COURT,TX_06607
LT NAIL LOUNGE,IL_06608
LEE SPA AND NAILS,NC_06609
OCEAN SPA & NAILS,NV_06610
OLIVE NAILS & SPA,TX_06611
NATURAL NAIL STUDIO,DE_06612
BEAUTI & NAILS,GA_06613
RODIO NAIL BAR,TX_06614
OASIS NAIL SPA,TX_06615
ARTIST NAILS AND SPA,TX_06616
E-NAILS,NY_06617
LA VIE NAILS & SPA,VA_06618
NOBU NAIL BAR,KY_06619
NAILS SPA TOO,UT_06620
MOBILE NAILS,FL_06621
NOBU NAIL BAR & SPA,KY_06622
NU NU NAILS & SPA,NJ_06623
MILEYS,KS_06624
LUXURY NAILS SPA,IL_06625
LA PERFECTION NAILS OF PLAINFIE,NJ_06626
VALERIAN NAILS AND SPA,TX_06627
COSMO NAILS & SPA,TX_06628
EMPRESS NAILS &SPA,TX_06629
NAIL SPA 1,FL_06630
THE NAILS & LASHES,MO_06631
NAIL HUT & SPA,TX_06632
REVIVE NAIL BAR,PA_06633
OASIS SPA AND NAILS,IL_06634
ALLURE SPA NAILS BAR,GA_06635
DIVA NAILS & SPA,WA_06636
MAGNOLIA NAILS & SPA,TX_06637
THE NAIL SALON,TX_06638
GOLDEN NAILS & SPA,FL_06639
LOLA NAILS AND SPA,PA_06640
PEARL NAILS SPA,TX_06641
HAPPY NAIL & SPA,GA_06642
LOVELY NAILS,IL_06643
SKYLAB NAILS & SPA,CA_06644
RIO NAILS & SPA,CA_06645
ARIA NAIL BAR,TX_06646
E POP NAILS AND SPA,OK_06647
PARTY NAIL,TX_06648
WIN NAILS & SPA,TX_06649
DIAMOND NAILS,CA_06650
TH NAILS,NJ_06651
NAILS KUTE AND SPA,FL_06652
DEMO EXPO NAILS,OH_06653
THE NAILS & LASHES,MO_06654
NAILS DEECHI,CA_06655
HARPER NAILS SPA,UT_06656
NAILS GARDEN,MS_06657
LAKE OSWEGO NAILS SPA,OR_06658
GALAXY NAILS,WI_06659
FASHION NAILS,NY_06660
T NAILS,TN_06661
ELEGANT NAILS SALON,MI_06662
SASSY NAIL BAR 1315,NC_06663
GENTLE SPA AND NAILS,NV_06664
ELITE NAILS SALON,MN_06665
FANTASY NAILS 52415,IL_06666
LILI NAILS,NY_06667
SASSY NAIL BAR,NC_06668
LAVISH NAILS & SPA 06367,FL_06669
Q ART NAILS AND SPA,TX_06670
PINKY NAILS SPA,FL_06671
NAILS ETC,GA_06672
NAIL TEK,NC_06673
VT NAILS,NJ_06674
PERFECT NAILS AND SPA,AL_06675
STUDIO NAILS & SPA,TX_06676
MELROSE NAILS ,MA_06677
TOP TOUCH NAIL SALON,TX_06678
LUCKY NAILS,GA_06679
MV NAILS,WA_06680
UNIQUE NAILS,GA_06681
NAIL CLUB,NV_06682
SUNRISE NAILS & SPA,WI_06683
SOLEIL NAILS,KS_06685
NAILS AND MORE,MO_06686
ZOETRY NAILS & SPA 06425,CA_06687
SKY NAILS,FL_06688
PNK LLC,MD_06689
LOVE NAILS SPA,NY_06690
NEW VISION NAILS & DAY SPA,NC_06691
HEAVENLY NAILS & SPA,TX_06692
99 NAILS AND SPA,CT_06693
METICULOUS NAILS,FL_06695
LOVELY NAILS,FL_06696
PD THAI CUISINE LLC,TX_06697
HEAVENLY NAILS & SPA,TX_06698
HAWAII NAIL SPA,TX_06699
PRO NAILS 2 ,TX_06700
PRO NAILS & SPA,TX_06701
A2Z NAILS SALON,GA_06702
SIGNATURE NAILS WOODSTOCK,GA_06703
BEAUTY NAILS SALON,MI_06704
H L NAILS & SPA,FL_06705
NAIL PREMIER SPA,GA_06706
GALAXY NAIL LOUNGE,NC_06707
THE NAIL BLVD & SPA,AZ_06708
TOP CITY NAILS AND SPA,CO_06709
IVY NAIL AND SPA,MA_06710
CELESTE NAILS AND SPA,GA_06711
NAILS AND MORE,GA_06712
PARKLIFE NAIL SALON AND SPA,CA_06713
PHO VIET,PA_06714
DK NAILS,TX_06716
OMBRE NAIL SPA,NC_06717
VLASH & MORE CO,FL_06720
THE NAIL BLVD AND SPA,AZ_06719
10 PERFECT NAILS,PA_06721
NAIL CITY,FL_06722
US NAILS & SPA,MA_06723
DIVINE NAILS & SPA 06565,OH_06724
368 NAILS BAR,GA_06725
ESSENTIAL NAIL SPA,TX_06726
ANNIE NAILS & DAY SPA,TX_06727
DIAMOND NAIL SPA,TX_06728
NP NAILS & SPA 06607,NC_06729
DEMO TMS PHUONG MAI,TX_06731
POSH NAILS & SPA,TX_06732
GLOSS NAIL LOUNGE,TX_06733
BAMBOO NAIL,TX_06734
DIAMOND NAILS & SPA,NC_06735
NAILS PRO,KY_06736
KD SUPER NAILS,TX_06737
ANNA NAIL SPA,TX_06738
LAVISH DAY SPA & NAILS,TX_06739
SOLAR NAILS AND HAIR SALON,GA_06740
TIM JON HAIR COLOR SPECIALIST SALON,TX_06741
ELAINE NAILS SPA,OH_06742
SPOTON DEMO NAM ANH,TX_06743
KAY NAILS & SPA,AR_06744
SASSY NAILS,TX_06746
VIVA SALON & SPA,VA_06747
MISSION NAIL SALON,OK_06748
PRO NAILS,GA_06749
G NAILS SPA,OK_06750
SIGNATURE NAIL,OK_06751
LISA'S HAIR SALON 48905,GA_06752
ELITE NAILS & SPA,NC_06753
CK NAILS,OH_06754
LEAH DOES NAILS,GA_06755
ADVENTURE NAILS,AL_06756
NAIL VIBE,FL_06757
ANGEL NAILS & LASHES,FL_06758
LISA'S HAIR SALON,GA_06759
NATURAL BEAUTY HAIR SALON,CA_06760
NAILS ART,GA_06761
VENETO NAILS,TX_06762
LISAS HAIR SALON,GA_06763
LK SIGNATURE NAILS & SPA,TX_06764
LOTUS NAILS & SPA,CT_06765
LEE NAILS,MA_06766
OMBRE NAILS SPA ,TX_06767
MOSAIC NAIL SPA,VA_06768
LILY'S NAILS,CA_06769
VILLAGE NAILS,OR_06770
MODERN NAIL BAR,GA_06771
HER NAILS AND SPA,VA_06772
ELEGANT NAILS SPA,IL_06773
GOLDENONE NAIL LOUNGE,GA_06774
HELEN NAIL & SPA,TX_06775
AD NAILS SPA,TX_06776
EXCEL NAIL SPA,TX_06777
NIKI NAILS SPA,TX_06778
PRO NAILS,TN_06779
BELLA NAIL SPA,TX_06780
PARIS NAILS & SPA,TX_06781
MODERN NAIL BAR,GA_06782
MY NAILS,GA_06783
NICEST NAILS,GA_06784
LUXE NAILS & LASHES,TX_06785
PRETTY NAILS SPA,TX_06786
ANGEL NAIL SPA,TX_06787
G PRO NAIL,TX_06788
POKE BOWL 1,TX_06789
POKE BOWL 2,TX_06790
POKE BOWL 3,TX_06791
SPARKLE NAILS,TX_06792
EVOLVE NAILS,TX_06793
GLOBAL NAILS AND SPA,TX_06794
ANDY NAILS,WY_06795
ROYAL NAILS,VA_06796
DAIZA NAIL LOUNGE,TX_06797
NAILS SPA,FL_06798
TJ NAILS 06797,MD_06799
OPULENT NAIL & SPA,TX_06800
NEON NAILS SPA,MA_06801
ARIA NAIL BAR,TX_06802
A NAILS AND SPA,GA_06803
BAMBOO DREXEL HILL,PA_06804
CHERI NAILS BAR,NC_06805
MAIN ST DAY SPA,CA_06806
ELIZABETH NAILS,MA_06807
CLASSY NAILS SPA,IL_06808
KS NAILS LOUNGE & SPA,MA_06809
DEMO BAO DOAN NAILS SALON,TX_06810
EAGLE NAILS,UT_06811
LUXURY NAILS,GA_06812
FOX E NAILS SPA,TX_06813
EXPERT NAILS,IN_06814
DIVA NAILS I,GA_06815
BIJOUX NAIL BAR,GA_06816
Hawaii Nails Bar,TX_06817
T & T NAILS SPA,TX_06818
Washingtonville Nails & Spa,NY_06819
WASHINGTONVILLE NAILS & SPA,NY_06820
BEAUTY NAILS,TX_06821
HAPPY NAILS,WI_06822
VOGUE NAILS & SPA,AZ_06823
THE NAIL ROOM,AZ_06824
CLASSY NAILS SPA,AZ_06825
USA NAILS,TX_06826
COSMO NAILS & SPA,TX_06827
ALLURE NAIL SPA,GA_06828
NAILS FOR YOU,AL_06829
LA NAILS & SPA,MO_06830
OSKY NAILS,IA_06831
ZEN NAIL SPA,TX_06832
MAJESTIC NAILS,GA_06833
TOTAL NAIL SUPPLY,FL_06834
HAWAII NAIL AND SPA,FL_06835
5TH NAIL LOUNGE,TN_06836
LENA NAIL SPA 06896,TN_06837
PURE NAILS,TX_06838
QUEEN NAILS AND SPA,NJ_06839
NEW YORK NAILS AND SPA,WA_06840
PAULENE NAIL SALON 15641,AZ_06841
ENJOY NAILS SPA,UT_06842
PAULENE NAIL SALON 3637,AZ_06843
FOREVER NAILS SPA,TX_06844
ES NAILS & SPA,TX_06845
HI NAILS,TX_06846
ANGEL NAILS,PA_06847
SWEET NAILS,NV_06848
KINGLADY NAILS & SPA,NV_06849
TEXAS NAILS & SPA,TX_06850
ELEGANT NAILS,NM_06851
AMAZING NAILS & SPA,TX_06852
BE MINE NAILS & SPA,MN_06853
NISA HAIR SALON,TX_06854
T NAILS & SPA,ND_06855
SASSY NAILS,NV_06856
LOVE MY NAILS,AL_06857
ELEGANT NAILS,SC_06858
KAHITE NAILS,TN_06859
RUBY NAIL SPA,TX_06860
ANGELA NAIL,TX_06861
SOLAR NAILS 1,TX_06862
SPRINGTOWN NAILS & SPA,TX_06863
LOVELY NAILS & SPA,GA_06864
MISS NAILS SALON,GA_06865
AV NAILS,TN_06866
SUPER NAILS AND HAIR,TX_06867
SERENITY NAIL SALON,GA_06868
SPECIAL NAILS SPA,CA_06869
PEARL NAILS,AZ_06870
HAPPY NAILS AND SPA,VA_06871
NINI NAIL BAR,TX_06872
CC NAILS,CT_06873
GEL NAILS,NV_06874
SUMMIT NAILS 07084,MN_06875
PINK POLISH NAIL SALON,TX_06876
HIM & HER NAILS SPA,GA_06877
ROYAL NAILS,SC_06878
DIP NAILS & SPA,NV_06879
INAILS & SPA,TX_06880
TOPLINE NAILS,FL_06881
MICHELLE NAILS,TX_06882
D'OR NAIL BAR,GA_06883
D'OR NAIL BAR,GA_06884
COLOR NAILS & SPA,NV_06885
DEMO LOC TRAN,TX_06887
THE NAIL BAR,NC_06888
NAIL TIPS,GA_06889
GLOSS NAIL SPA,FL_06890
SAVVY NAIL SPA,GA_06891
LUSH NAILS AND BAR,TX_06892
HANOVER NAILS AND SPA LLC,VA_06893
A AND M CLEARWATER NAILS AND SPA,FL_06894
NAIL UNLIMITED,GA_06895
NEW KENT NAILS AND SPA LLC,VA_06896
CEE CEE NAIL AND SPA,MO_06897
NEXGEN NAIL BAR,NV_06898
VOGUE NAILS,TX_06899
T NAILS 08421,MO_06900
CARMEL NAILS AND SPA,CA_06901
TAMPA NAILS,FL_06902
LASH AND EYE STUDIO,TX_06903
LUCKEY NAILS AND SPA,TX_06904
TERESAS BEAUTY BAR,VA_06905
PERFECT NAILS,GA_06906
LONG RESTAURANT,PA_06907
ELITE NAILS,TX_06908
NALA NAILS,MO_06909
RELAX NAILS & SPA,TX_06910
WISTERIA NAILS AND SPA,GA_06911
ROMIE NAIL BOUTIQUE,TX_06912
ROSE NAILS,TX_06913
ELITE NAILS,SC_06914
AMAZING NAILS,OH_06915
NAILS 1ST,TX_06916
THE BAMBOO SPA,PA_06917
NAILS 1,NV_06918
SV NAILS & SPA,PA_06919
NAILS FOR YOU,NV_06920
SV 2 NAILS & SPA,PA_06921
SV NAILS AND SPA,PA_06922
NAIL FIRST,GA_06923
NATION NAILS,GA_06924
NATION NAILS,GA_06925
MV NAILS,SC_06926
HOUSE OF HUE NAILS & SPA,CA_06927
MM NAILS SPA,TX_06928
PRECIOUS NAILS SPA,SC_06929
ORCHARD PARK NAILS & SPA,NY_06930
FOXY NAILS & SPA,IL_06931
LUCKY NAIL SPA,TX_06932
ALLURE NAILS N SPA,CA_06933
FRENCH NAILS N SPA,CA_06934
ORCHID NAIL SALON & SPA,LA_06935
NV NAILS,TX_06936
AMY NAILS AND SPA,NJ_06937
ALLURE NAILS & SPA,MN_06938
SERENITY SPA & NAILS,MN_06939
AWARD NAILS AND SPA,MN_06940
ARDOR NAILS,FL_06941
407 NAILS SALON,FL_06942
T2 NAILS,CA_06943
BLOOM NAILS AND SPA,NJ_06944
2K NAIL SPA,GA_06945
OASIS NAILS,TX_06946
AVANTI NAIL,TX_06947
VIP NAILS & SPA,TX_06948
DIAMOND NAIL & SPA,MS_06949
DIVA NAILS & SPA,MS_06950
POSH NAILS & SPA,MS_06951
TOP NAILS,MS_06952
BABA NAILS & SPA,FL_06953
MIA NAILS N SPA,NY_06954
TD NAIL SPA,AL_06955
TT NAILS,AL_06956
NAILS BY VIKKIE,ND_06957
RAINDROPS NAILS,TX_06958
TIPS N TOES 2,CA_06959
BEST NAILS,IN_06960
TOWN CENTER NAIL BAR,FL_06960
LUSH NAIL BAR ,OK_06961
BEST NAILS,IN_06962
LIVIK NAIL,TX_06963
NEW MOON NAILS AND SPA,OR_06964
MAGIC NAILS,NY_06965
ANN NAILS BEAUTY,TX_06966
MISSY NAILS SALON,PA_06967
CLASSIC HAIR & NAIL STUDIO,PA_06968
MORRIS NAILS & SPA,PA_06969
NOOR BEAUTY SALON & SPA,TX_06970
MODERN NAILS & SPA,SC_06971
LUSS NAILS BAR,NY_06972
NAIL TRIX AND SPA,TN_06973
RIO NAILS AND LASHES,TX_06974
N & T NAILS AND SPA,PA_06975
PREMIER NAILS AND SPA,TX_06976
DREAM SPA,TX_06977
PROFESSIONAIL,NY_06978
THE BOSS NAILS,FL_06979
LUXE NAILS & BAR,OK_06980
NAIL ART,AL_06981
DAY SPA NAILS,TX_06982
HOPE NAILS AND SPA,NJ_06983
H & L NAILS LOUNGE,OK_06984
ALINA NAILS SPA,TX_06985
MEGAN NAILS BAR,LA_06986
LA VIE NAILS AND SPA,NJ_06987
TIFFANY NAILS & SPA,IN_06988
LUSCIOUS NAIL & SPA,OK_06989
DAISY NAILS,AL_06990
FORMAL NAILS,TX_06991
LV NAILS AND SPA,TX_06992
NAIL COURT,TX_06993
CK NAILS,OH_06994
FANCY NAILS AND SPA,TX_06995
NAIL CONCEPTS,IN_06996
ANNIES NAILS,AL_06997
NAILS OASIS,AL_06998
MODERN NAILS STUDIO,MI_06999
LUX NAIL SPA,IL_07000
INFINITY NAIL SPA,TX_07001
CLOUD 9 NAILS & SPA,OK_07002
MAGIC NAILS,IL_07003
IFANCY NAILS LOUNGE & SPA,CA_07004
ETERNITY NAIL BAR,TX_07005
WORLD NAIL,TX_07006
LUXE NAILS & SPA,MI_07007
FINIS NAIL SPA,AZ_07008
TWILIGHT NAILS AND SPA,IL_07009
NAILS ENVY & SPA,MD_07010
Q NAILS BEAUTY AND SPA,CA_07011
PERFECT NAIL & HAIR,FL_07012
DILA NAILS,FL_07013
LILY NAIL SPA,CA_07014
NAILS 716,NY_07015
DIVINE NAIL SPA,NY_07016
BEAUTY UP NAILS & BROWS,NC_07017
TOP Q NAILS,NC_07018
COCO NAILS,HI_07019
EUPHORIA NAIL SPA,TX_07020
NATURAL NAILS,FL_07021
LEE SPA NAILS,NC_07022
GLOSS NAILS,WV_07023
DIANA NAILS,NC_07024
OHLA-LA NAIL BAR,GA_07025
NAIL BAR & SPA,PA_07026
SASSY NAILS,GA_07027
VIP NAIL SPA,FL_07028
DEMO JENNIFER,TX_07029
PASSION NAILS SPA,FL_07030
BJU NAIL BAR,TX_07031
MC NAILS,TX_07032
JENNY NAIL & SPA,GA_07033
ORGANIC NAILS & LASH SPA,TX_07034
E-D NAILS,TX_07035
CREATIVE NAIL SPA,AL_07036
CREATIVE NAIL SPA,AL_07037
TAMI NAILS SALON,FL_07038
BELLA NAILS,NJ_07039
REDD NAIL SPA (Salon by JC - Room 30),MO_07040
ES NAIL STUDIO,TX_07041
BAMBOO NAILS SPA,NC_07042
BIG RED NAILS & SPA,NE_07043
CALIFORNIA NAILS,AL_07044
DAY SPA NAILS,TX_07045
DINO NAILS SPA,FL_07046
NAIL PERFECTION,AL_07047
LA NAILS SALON,GA_07048
ZEN NAILS N SPA,UT_07049
FRANKLIN ACCOUNT & TAX LLC,GA_07050
GIGI LASH & NAIL SALON,UT_07051
THE NAIL SPA,AL_07052
NAIL GARDEN,SC_07053
AVAS NAILS,FL_07054
TASTY BUBBLE TEA & SEAFOOD,MS_07055
NAIL GARDEN,SC_07056
AVALON NAILS AND SPA,FL_07057
Organic Nails and Spa,CA_07058
PARIS NAILS,AL_07059
Wonders Nails & Spa,KS_07060
WONDERS NAILS AND SPA,KS_07061
WESTONE NAILS,VA_07062
DIVA NAILS,FL_07063
STUDIO N9,TX_07064
VENETIAN NAILS & SPA,SC_07065
PRETTY NAILS,TX_07066
MOONLIGHT NAILS & SPA,TX_07067
LUXE NAILS AND SPA,MI_07068
LIFESTYLE NAILS & SPA,TX_07069
CHIQUE NAIL SALON,AL_07070
NAIL CREATIONS,GA_07071
LAVENDER LASHES SPA,TX_07072
Q NAILS,FL_07073
NOIRE NAIL BAR,GA_07074
I NAILS SPA SALON,MS_07075
THE VALE HAIR AND NAILS,CA_07076
PERFECT NAILS,AL_07077
EMBRACE NAILS SALON,AL_07078
1ST NAILS,MN_07079
ZARAH NAIL SPA,TN_07081
Tip Top Nails,CA_07082
STYLES NAILS & SPA,CA_07083
TNT NAIL SPA,CA_07085
NAIL TECH,MS_07086
PRO NAILS,NE_07087
FOXY NAILS,NE_07088
BEVERLY NAILS SALON,TX_07089
NAILS BY SANDY,AL_07090
ORGANIC NAIL BAR,CA_07091
LISAS NAILS SALON,GA_07092
A&J NAILS,FL_07093
CITY NAILS & LASHES,IL_07094
SOFT TOUCH NAILS AND SPA,TX_07095
PASSION NAIL BAR,NC_07096
MELISSA NAILS & SPA,GA_07097
AMAZING NAILS,AL_07098
UPTOWN GALLERIA NAIL & SPA,TX_07099
TOP NAILS,MD_07100
UQ NAILS,NC_07101
LE NAILS,AL_07102
PURE NAIL LOUNGE,WA_07103
PEDI N NAILS,NY_07104
LUX NAILS AND SPA,AL_07106
FOCUS NAIL SALON,IN_07107
LEGENDARY NAILS & SPA,TX_07108
CHIC NAILS,AL_07109
MODERN NAILS & SPA,AL_07110
SNOW NAILS & SPA,VA_07111
GLOSSY NAILS AND SPA,SC_07112
URBANE NAILS & SPA,OK_07113
LUCKY NAILS,VA_07114
NAILS ART,AL_07115
KAMEIS ECO NAIL SPA,CA_07116
TNK NAILUX,IA_07117
Q NAILS,AL_07118
DEMO LLDTEK HOANG ANH,TX_07119
SASSY NAILS AND SPA,WV_07120
NAIL CONNECTION,MI_07121
LILY NAILS,AL_07122
TAMS STUDIO,TX_07123
DIVA NAILS,AL_07124
SOUTH JERSEY NAILS,NJ_07125
LEGACY NAIL SALON,TX_07126
QCHARM NAIL BAR,TX_07127
FAMILY NAILS,PA_07128
NAILS CITY,MS_07129
AESTHETIC NAILS SPA,FL_07130
CORE NAILS & SPA,GA_07131
LAMOUR NAILS,GA_07132
NAILTIQUE,NY_07133
NAILS 153,SC_07134
RELAX NAILS SPA,AL_07135
BLISSFUL NAIL SPA,NC_07136
DAWSON NAILS N BEYOND,GA_07137
BLACK & WHITE SALON,LA_07138
VO TIRES,AL_07139
POLISHED LUXURY NAIL SALON,GA_07140
VENUS NAILS,IN_07141
UPTOWN GALLERIA NAIL & SPA,TX_07142
TK NAILS & SPA,TX_07143
LUX NAILS SPA,CA_07144
GEL NAILS,TX_07145
V STAR NAILS ,MA_07146
LIFESTYLE NAIL SPA SALON,GA_07147
DIVINE NAILS & SPA,AZ_07148
GOLDEN LOTUS NAILS & SPA,MO_07149
BOUTIQUE NAILS,TX_07150
BOUTIQUE NAILS,TX_07151
"BEAUTY GEEK, LLC NAILS EUPHORIA",TX_07152
ALLURE NAIL SPA SALON,GA_07153
LUSH NAIL BAR,GA_07154
MODEL NAILS,TX_07155
SASSY NAILS & WAX,MO_07156
SPOIL U NAILS & SPA,AR_07157
Nail Pros And Spa,AZ_07158
GRAND NAILS LOUNGE,FL_07159
ROSE NAILSPOT,TX_07160
LAVISH NAILS & SPA,TX_07161
ARIA NAILS,FL_07162
GLOSS & POSH NAILS LOUNGE,AZ_07163
ZELA NAILS,CA_07164
STUDIO 1 NAIL SALON,MI_07165
ROYAL NAILS,TX_07166
POSH NAILS,TX_07167
VOGUE NAILS & SPA,MA_07168
LAVENDER NAIL BAR,TX_07169
CK NAILS,NJ_07170
PEDISPA AND NAILS,GA_07171
SERENITY NAILS BAR,TN_07172
OP NAILS,NC_07173
OMBRE NAIL SPA,MD_07174
SERENITY SPA AND NAILS,SC_07175
GOLDEN NAIL LOUNGE,CA_07176
DANVILLE PINKIES NAIL STUDIO,CA_07177
NAIL CLUB,NV_07178
PRETTY NAILS,TX_07179
LOVELY NAILS,AL_07180
SISTER NAILS,IN_07181
JUJI NAIL LOUNGE,GA_07183
LILY NAILS 2,OK_07184
NAIL LOUNGE BF LLC,GA_07185
BOUTIQUE NAILS,SC_07186
LYNN NAILS,IL_07187
GLAMOUR NAILS,IN_07188
TWO BROTHER CUISINE,FL_07189
THE COCO NAILS & SPA 08603,GA_07190
V&V NAILS SPA,PA_07191
DIAMOND NAILS,IL_07192
RUMI NAIL BAR,NY_07193
PYRAMID NAILS BAR,TX_07194
7 NAILS SPA,TN_07195
TENDER TOUCH PEDI SPA & NAILS,TX_07196
LUSS NAILS BAR,NY_07197
NAILS NOW,NM_07198
ISPA NAILS,TX_07199
PINK NAILS,MS_07200
TOP CARE NAILS,CA_07201
VOS NAILS,NV_07202
CHAMPAGNE NAIL BAR,FL_07203
ENSTYLE LASH STUDIO,TX_07204
LOTUS SPA AND NAILS,PA_07205
MODERN HAIR SALON,TX_07206
INFINITY NAIL SALON,CA_07207
GLAMOUROUS NAILS AND SPA,GA_07208
ARTISTIC NAILS SALON,HI_07209
ARTISTIC NAILS SALON,HI_07210
STAR NAILS,MS_07211
SPLASH OF ROUGE NAILS SPA,TX_07212
THE NAIL CREATIONS,FL_07213
FANCY NAILS AND SPA,AK_07214
TIC TAC NAILS,MI_07215
CARMELITAS BEAUTY SALON,CA_07216
Palazzo Nail Spa,GA_05146
SUN N' NAILS,GA_07218
NAIL LOUNGE RIVER FRONT,MO_07219
Volente Nails,TX_07220
HOLLY NAILS,MI_07221
NAILOSOPHY,MA_07222
THE NAILS GIRL,FL_07223
THE ART BEAUTY SALON & SPA,NJ_07224
FANCY NAILS,AL_07225
NAIL PASSION,KY_07226
PINKY NAILS & SPA 08587,OK_07227
SALON FIVE NAILS AND SPA,GA_07228
ZEN NAILS,TN_07229
BLUE DIAMOND NAILS & SPA,KS_07230
LEE NAILS,IN_07231
CONCEPT NAILS AND SPA,FL_07232
D CROWN NAIL BAR,TX_07233
SUMMIT NAILS & SPA PEDICURE,AL_07234
MIN NAIL SPA & SALON INC,NY_07235
CANDY NAILS,CA_07236
TIPS N TOES NAILS SPA,OK_07237
4 SEASONS NAILS,PA_07238
LP NAILS & SPA,TX_07239
HAPPY NAILS SPA,FL_07240
1ST SPA AND NAILS,SC_07241
LUXE NAIL BAR 2,TX_07242
OSCAR NAILS & SPA,OK_07243
GLAMOUROUS NAILS AND SPA,GA_07244
QUEEN NAILS,TX_07245
CHAO OC LAU,TX_07246
DELUXE NAILS,TX_07247
MARBLE NAILS & SPA,CA_07248
SIMPLY NAILS & SPA,IA_07249
TAN AND NAILS,NC_07250
LUXURY NAILS,FL_07251
JEN NAILS & SPA,TX_07252
THE COCO NAILS & SPA,GA_07253
M NAIL LOUNGE,TX_07254
SIGNATURE NAILS,GA_07255
COWGIRLS NAILS & SPA,TX_07256
PERFECT NAILS,AL_07257
SECRET NAILS & DAY SPA,FL_07258
ATLASH & BROWS ,GA_07259
NOIRE THE NAIL BAR,TN_07260
LIFESTYLE NAIL SPA,GA_07261
OMBRE NAILS,FL_07262
POSH NAIL SPA,OH_07263
ALAIN NAIL SPA,TN_07264
BLISS NAILS,NC_07265
H&H NAILS AND SPA,FL_07266
TD NAILS & SPA,AZ_07267
LT NAIL SPA,IL_07268
BRILLER NAILS LOUNGE,VA_07269
ELEGANT NAILS AND LASH,IN_07270
NAILS LOUNGE INC,NJ_07271
THE NAIL LOUNGE & SPA,NE_07272
PHUNG LUCKY NAIL SPA,AL_07273
ROSE NAILS,MS_07274
NINA NAIL,PA_07275
Kathin Beauty Salon,TX_07276
I NAILS & SPA,TX_07277
PASSION K NAILS & SPA,IA_07278
LOVELY NAILS,OH_07279
LOVELY NAILS,IL_07280
OMNI NAIL SPA,TX_07281
EXPO NAILS & SPA,TX_07282
SAKURA SALON,TX_07283
NAILS SPA,VA_07284
NAIL RUSTIQUE,VA_07285
ZURI NAILS HOUSE,TX_07286
GOLDEN NAILS,IL_07287
STUDIO NAILS & LASHES,TX_07288
SEXY HAIR & NAIL SALON,PA_07289
NAIL VOGUE,AL_07290
A & T NAILS SPA,FL_07291
ART HAIR SALON,TX_07292
POLISHED,NJ_07293
CANTON NAILS,MD_07294
ENVY NAIL BAR,FL_07295
ENVY NAIL BAR,FL_07296
POLISHED,NJ_07297
ADVENTURE NAILS 2,AL_07298
LUCKY NAILS & TANNING,MS_07299
EP NAILS & SPA,MI_07300
PROTOP NAILS,CA_07301
XO NAILS AND SPA,NJ_07303
LUX NAIL BAR,MA_07304
VIP NAILS,MI_07305
NAIL PRO BEAUTE SPA,RI_07306
EMELI KATE,KS_07307
OPAL SPA & NAILS SALON,TX_07308
RUBY NAILS AND SPA,GA_07309
LIFESTYLE NAIL BAR,GA_07310
EXPO NAILS,OH_07311
HI TECH NAIL,NJ_05405
NIAGARA FALLS NAILS & SPA,NY_07313
LISA BEAUTY SALON,CA_07314
MYLAN NAILS,NC_07315
ROMANCING NAILS,VA_07316
HAPPY NAILS,PA_07317
DAZZLING NAIL & SPA,CA_07318
MODERN NAIL BAR,TX_07319
WAXHAW NAILS,NC_07320
NAILS BY HANNAH,AR_07321
VARNISH NAIL BAR,CA_07322
BEAUTY HAUS NAILS & SKIN,CA_07323
BELLAGIO NAIL AND SPA,MD_07324
NAILS LOVE,IL_07325
SUNSHINE NAIL LTC LLC,FL_07326
MAGIC NAIL,VA_07327
VU HAIR SALON,GA_07328
PROFESSIONAL NAILS SPA,AL_07329
FLASH NAILS,SC_07330
SKY SALON,MI_07331
BOUJEE NAILS & SPA,OH_07332
ANNAS NAILS,ND_07333
BEAUTY NAILS,GA_05416
NAIL INSPO,FL_07335
BLESSED NAIL CLUB,TX_07336
LEGACY NAIL LOUNGE,TN_07337
FOR YOUR NAILS ONLY,WA_07338
BELLA HAIR AND NAIL SALON,CA_07339
ROCK STAR NAILS & SPA,TX_07340
LAKELINE NAILS & SPA,TX_07341
YS NAILS & SPA,TX_07342
SAKURA NAILS & SPA,CO_07343
LA FLORA NAILS,CA_07344
AMERICAN NAILS SALON,FL_07345
OP NAILS,IN_07346
TROPICAL NAILS & SPA,MI_07347
I LOVE NAIL BAR,SC_07348
MILWAUKEE NAIL & TOE SPA,WI_07349
WYNN NAIL & SPA,CA_07350
LAKELINE NAIL,TX_07351
LILY NAILS,TX_07352
VAN T NAILS,IL_07353
VENETIAN NAILS BAR,NY_07354
LOVE NAILS,NY_07355
GALAXY NAILS & SPA,NM_07356
INFINITY NAIL BAR,FL_07357
HOT NAILS,MN_07358
FANTASY NAILS,SC_07359
BUDDIES SPA,DC_07360
SALON NIRVANA LLC,CT_07361
NAILS BY VIKKIE,ND_07362
LUXURY NAILS & SPA,OH_07363
BEAUTE TOUCH NAIL LASH BROW => NIRVANA NAIL LOUNGE,TX_07364
TERRELL NAILS BAR,TX_07365
NAIL ART,CT_07366
FANCY NAILS,TX_07367
LOTUS HAIR & NAILS,CA_07368
ROSE NAILS,NC_07369
ROYAL NAILS SPA,NJ_07370
ARBOR NAIL BAR,TX_07371
1ST NAILS,AL_07372
KRYSTAL NAIL SPA,TN_07373
ROSE NAILS,AL_07374
NAIL DELUXE,ND_07375
FAM NAIL SPA,CA_07376
INTEGRITY NAIL BAR,TX_07377
702 NAIL LOUNGE,TX_07378
FAMILY NAILS,MI_07379
BELLAGIO NAILS & SPA,MI_07380
NAIL PASSION SPA,TX_07381
LIFESTYLE NAIL BAR,LA_07382
NICK HAIR & NAIL SALON,HI_07383
QT NAIL BAR,SC_07384
DREAM NAILS & SPA,CA_07385
GORGEOUS NAILS,GA_07386
HI NAILS,KS_07387
Iris Nails Spa,TX_07388
PEARL NAILS & SPA,MD_07389
SERENITY SPA,MD_07390
PRETTY NAILS,NC_07391
COWBOYS NAIL BAR LITTLE ELM,TX_06029
JOYS NAILS,VA_07393
A LIST NAILS & SPA,FL_07394
NAILS 1,NV_07395
BIJOU NAIL SPA AND HAIR,NV_07396
M & M NAIL SPA,CA_07397
THE PET STOP,TX_07398
LN NAILS,TX_07399
VENETIAN NAIL SPA,TX_07400
PEARL NAILS,GA_07401
VOGUE NAILS & SPA,FL_07402
GEM NAILS,NY_07403
MIN NGAI ARTS & CRAFTS,CA_07404
T'S SPA NAILS,TX_07405
CLASSIC TO MODERN NAILS,NY_07406
LUXURY NAILS & LASHES,TX_07407
P & L NAILS 109445,FL_07408
THE MIRACLE NAILS,TX_07409
FASHION NAILS AND SPA,CA_07411
MOON SWAN NAILS & SPA,UT_07412
LE HAIR PLUS NAILS,MD_07413
ABSOLUTE BELLA NAIL & SPA,TX_07414
FOLSOM SALON CENTER,CA_07415
VI SALON,TX_07416
XTREME NAIL LASH,NV_07417
BEAUTE NAIL SPA ,AL_07418
RED NAILS DAY SPA,TX_07419
ESCAPE NAILS SPA,TX_07420
HORIZON NAIL,NV_07421
KOSMO NAIL BAR,MD_07422
CRYSTAL NAILS & SPA,OH_07423
Ross Bridge Nail Spa,AL_07424
PINK NAILS,MS_07425
COCO NAILS,MO_07426
CAVA NAIL SPA,CT_07427
OASIS NAILS & SPA,CA_07428
SOAK NAIL & MASSAGE SPA 09452,IL_07429
SAPPHIRE NAILS SPA,AL_07430
TN Nails,TX_07431
SPOTON DEMO HUYEN NGUYEN,TX_07432
SUGOI SUSHI,MA_07433
MAX NAILS & SPA,OR_07434
CHRISTY NAIL,OR_07435
BELLAGIO NAIL BAR & LASHES,MA_07436
SPOTON DEMO QUANG TRAN,TX_07437
VALENTINO NAIL BAR,NC_07439
VALENTINO NAIL BAR,NC_05423
VALENTINO NAIL BAR,NC_05797
LOVELY NAILS & SPA,DE_07440
ULTRA NAILS STUDIO,PA_07441
DEMO SPOTON KY LE,TX_07442
QUEEN SPA,MA_07443
NAILS GALLERY & SPA,CO_07445
LUCKY NAILS & SPA,AR_07446
KIM NAILS SALON,DE_07447
ALLURE NAIL BAR,GA_07448
TRACEY NAILS,CT_07449
V NAILS,GA_07450
ANDYS NAILS SPA LLC,NJ_07451
DIVINE NAILS & SPA,VA_07452
XPRESS PRINT,CA_07453
L D NAILS,GA_07454
ELAINE ZHU GIFTS & CLOTHES,CA_07455
CROSSROADS CAFE,SC_07456
VK NAILS,TX_07457
VK NAILS,TX_07458
COLOR ME CHIC SALON,TX_07459
WILLARD NAILS & SPA LLC,MO_07460
DIVINE NAILS AND SPA,VA_07461
LEE NAILS,TX_07462
TL NAILS,TX_07463
FANCY NAILS & SPA,TX_07464
COLOR ME NAILS SPA,CA_07465
BB NAILS,TX_07466
LUXURY NAILS,TX_07467
HOANG JEWELRY & GIFT,CA_07468
LA NAILS,TX_07469
ELEGANT NAILS & SPA,TX_07470
PRO NAILS & SPA,TX_07471
PERSIMMON NAIL SALON,CA_07472
Persimmon Nail Salon,CA_07473
NEW 5 STAR NAILS & SPA,NY_07474
NOIRE NAIL SPA,GA_07475
PEARL NAILS AND SPA,MD_07476
HAWAII NAILS,PA_07477
GRADUATE BREAFAST AND LUNCH,PA_07478
POKE BOWL 3,TX_07479
MODERN NAILS LOUNGE SPA,TX_07480
ANNIE LASHES & NAILS,AL_07481
ELITE NAIL SPA 08140,GA_07482
LEE NAILS,NY_07483
FOXY NAILS,NV_07484
POSH & POLISHED,PA_07485
VENUS NAILS,CO_07486
CHINA STIX KITCHEN,AZ_07487
NICK NAIL & SPA,NC_07488
OSHKOSH NAIL SALON,WI_07489
MODEL NAIL,OK_07490
CHIC NAILS LOUNGE,TX_07491
PINK NAIL,NJ_07492
WAVE NAIL,MN_07493
SANDY NAILS & SPA,MI_07494
N WEST NAILS,AR_07495
BLISS NAILS,TX_07496
CHERRY HILL NAILS,NJ_07497
JV NAIL SALON,NY_07498
TINA PERMA BEAUTY SPA,CT_07499
TOP NAILS,WI_07500
LEE NAILS,TX_07501
DREAMS NAIL SPA,TX_07502
LUXURY NAILS & SPA,TX_07503
LUXURY NAILS & SPA,RI_07504
CASTLE NAIL SPA,GA_07505
CELESTE NAILS AND SPA,GA_06711
LUXX NAILS & BEYOND,FL_07507
INSTA NAILS STUDIO,CA_07508
LINDA NAILS SPA,MD_07509
Paradise Nails And Lashes,CO_07510
CL BARBER SHOP,MD_07511
BEAUTE NAILS SPA,AL_07512
T&L NAILS,FL_07513
THUNDER NAILS,OK_07514
NAIL SHACK EAV SALON & SPA,GA_07515
LOTUS NAILS & SPA,PA_07516
Q NAILS,PA_07517
TIGON'S NAILS & SPA,PA_07518
C A NAILS,TX_07519
SALLY NAILS & SPA,PA_07520
BM NAIL BAR,CO_07521
ELEGANT NAILS & SPA,PA_07522
UNIQUE NAILS & SPA,SC_07523
ZEN NAIL SPA,TN_05369
SEVEN NAIL SPA,TN_07525
UNIQUE HAIR NAILS,CA_07526
LUXE NAILS LOUNGE,CA_07527
MICHELLE NAILS,PA_07528
RIVER HILL NAILS & SPA LLC,MD_07529
DEJA VU NAILS,UT_07530
PRO NAIL SPA,FL_07531
VANIDY NAIL SALON,GA_07532
RIOH NAILS AND SPA,NJ_07533
GOLDEN NAILS STUDIO,MD_07534
I NAILS & SPA,MO_07535
TERESA'S NAILS,CA_07536
CABERNET NAIL SPA,CA_07537
LEE NAIL,VA_07538
MARTELL NAILS & SPA,CA_07539
NBS SALON AND SPA,PA_07540
UNIK NAIL BAR,TX_07541
CONYERS NOIRE NAIL BAR,GA_07542
BRILLIANT NAIL BAR,NC_07543
LAVENDER NAILS,TX_07544
WANG CUISINE,PA_07545
HELEN NAILS,PA_07546
ELEMI NAILS & SPA,NE_07547
HOLLYWOOD NAILS SALON,MA_07548
NATURAL NAIL SPA,VA_07549
JOY SPA & NAILS,NM_07550
GEN NAILS & SPA,OH_07551
BLISS NAIL SALON,GA_07552
PEARL NAILS & SPA,CA_07553
SPOTON DEMO ALAN,TX_07554
NAILS BY MIMI,CA_07555
LEGEND NAILS & SPA,NV_07556
PINKY NAILS,NY_07557
NAIL WORLD,FL_07558
HAPPY FOOT SPA & NAILS,NV_07559
MARVELOUS NAILS & SPA,CA_07560
XU NAILS & LASHES,NY_07561
ELITE NAILS & SPA,GA_07562
PHO CHOPSTIX,NV_07563
NAILS BY HAILEY,IL_07564
NAILS BY KIM,OH_07565
PERFECTION NAIL SPA II,NY_07566
DIVA NAILS,NV_07567
MERAKI NAIL LOUNGE,FL_07568
WESTVIEW NAILS SPA,FL_07569
PARADISE NAILS LOUNGE & SPA,WV_07570
PRO NAILS & SKIN CARE,MD_07571
NAILS BY FLOWER,NY_07572
HENRY'S SALON,DC_07573
BEST NAILS,NY_07574
VIP NAIL BAR,MI_07575
KIM NAILS,PA_07576
T & T NAILS SPA,AZ_07577
CN NAILS,OH_07578
TT NAILS SPA,PA_07579
BEP SAIGON,TX_07580
SOLACE NAILS & SPA,AR_07581
ANGEL LASH SPA,MA_07582
BELLA NAILS & DESIGNS,PA_07583
EXQUISITE NAILS,OH_07584
AKOI NAILS & SPA,NJ_07585
GAELIC DAY SPA SALON,MI_07586
AMAZING NAILS AND SPA,VA_07587
HAPPY NAILS AND SPA,NJ_07588
BELLA NAILS & DESIGNS,PA_07589
ICOLOR NAIL BAR CHARLOTTE,NC_07590
ELEGANT NAILS,CA_07591
N T NAILS,NY_07592
ANNS NAILS,TX_07593
HEAVENLY NAILS,TX_07594
JAYS NAILS & SPA,WV_07595
DEMO SPOTON AARON,CA_07596
CRUSH NAILS & SPA ,AZ_07597
LOVELY NAILS,MI_07598
AMOR NAILS,TX_07599
ANGEL FOOT SPA NAILS,NC_07600
ANGEL FOOT SPA NAILS,NM_07601
IVY NAILS & SPA,MI_07602
HANNAH NAILS & SPA,TX_07603
LUXE NAILS,CA_07604
DEMO SPOTON AN NGUYEN,TX_07605
DEMO SPOTON TRANG KHONG,TX_07606
PRO NAILS & SPA,PA_07607
H & L NAILS STUDIO,MA_07608
AQUA NAIL AND SPA,GA_07609
HB NAIL LOUNGE,TX_07610
OLALA NAILS SPA,TX_07611
STAR NAILS,MI_07612
BAY SIGNATURE NAILS & SPA,TX_07613
AJ NAIL LOUNGE,MO_07614
VENETIAN NAILS,NJ_07615
ANTHONY NAILS & SPA,TX_07616
POSH NAILS & SPA,TX_07617
EXCEPTIONAILS,TX_07618
MAGIC NAIL & SPA,CA_07619
COOLNAILS 1,NY_07620
DREAM NAILS,VA_07621
1938 HOUSE OF BEAUTY,TX_07622
ALLURE NAILS & SPA,GA_07623
NAILS PLACE,NM_07624
T & T NAILS,GA_07625
POSH NAIL SALON,IA_07626
AQUA NAILS & SPA,TX_07627
QUEEN NAILS & SPA,TX_07628
ORACLE NAILS,AZ_07629
AEON NAILS SPA,CA_07630
VENETO NAIL BAR,TX_07631
101 NAILS & SPA,TX_07632
LINDA NAILS & SPA,CA_07634
Q NAILS SPA,FL_07635
KAUFMAN NAIL BAR,TX_07636
T NAILS SPA,NC_07637
C & K NAILS,IN_07638
VIVA NAIL SPA,NJ_07639
LUSH NAILS LOUNGE,AZ_07640
MAJESTIC DAY SPA,WV_07641
LOVELY DESIGN NAIL SPA,CA_07642
ORIENTAL NAILS,MI_07643
PARIS NAIL & SPA,MI_07644
NAILS BY KIM,OH_07645
TOP COAT NAILS & SPA,CA_07646
VENUS NAIL SALON,TX_07647
RIVERIA NAIL SALON,CA_07648
PEKING RESTAURANT,CT_07649
VN NAILS SPA,AR_07650
HOLLYWOOD BEAUTY SALON,NJ_07651
C&T NAILS,FL_07653
LEVIE NAIL LOUNGE,TX_07654
VALEN NAILS & BEAUTY,TX_07655
OQ NAILS,IL_07656
LA ORQUIDEA SALON & SPA,CA_07657
TRE RISTORANTE ITALIANO,CA_07658
LN NAILS & SPA,MI_07659
PARADISE NAILS,WI_07660
NAIL EN-V,AZ_07661
GIGI NAILS & SPA,CA_07662
MEGAN NAIL SALON,DE_07663
BUFFLED & POLISHED NAIL LOUNGE,VA_07664
HAPPY NAILS,FL_07665
OSCAR NAILS & SPA,SD_07666
LUX NAIL SPA 871010,MD_05288
LUX NAIL SPA,MD_07667
PROFESSIONAL NAILS SPA,IL_07668
YORKTOWN DENTAL,TX_07669
LOTUS PHO 2,CA_07670
KIMMIE'S NAILS SALON,GA_07671
ARTWORK NAIL & SPA,CA_07672
SOLAR NAILS STUDIO,TX_07673
GODDESS NAILS & SPA,TX_07674
NINA NAILS,GA_07675
LAVISH NAIL BAR,AL_07676
NICE NAILS,TN_07677
MC STAR NAILS,NM_07678
LUV NAILS & SPA,AL_07679
SKY NAILS,MI_07680
VIP NAILS & SPA,AL_07681
VESTAVIA NAILS,AL_07682
STAR NAILS & SPA,MA_07683
NAIL BAR BY JESSICA,MA_07684
HAVEN NAILS,SC_07685
COLOR NAILS,MO_07686
VICKY NAILS,CA_07687
SEXY NAILS SPA,NJ_07688
FAN NAILS & SPA,CA_07689
NAIL TRENDS,OR_07690
SIGNATURE NAILS & SPA,PA_07691
BELLAGIO NAILS & SPA,TX_07692
PROFESSIO NAILS,CA_07693
GIA BAO BAKERY,PA_07694
NAILS PRO,IL_07695
BELLISSIMA NAILS & SPA,GA_07696
NOIRE NAILS BAR,VA_07697
HOT NAILS AND SPA,IL_07698
CLASSY NAILS,PA_07699
VANTI NAILS & SPA,FL_07700
SUNNY NAILS,FL_07701
NAIL DESIGN SPA,CA_07702
LUXURY NAILS,IL_07703
NU NAILS & SPA,PA_07704
GALAXY NAILS,AL_07705
STARLIGHT NAILS,MI_07706
BELLISSIMA NAIL SPA,CA_07707
SEXY NAILS SPA II,NJ_07708
BLUE NAILS SPA SALON,MI_07709
NEWPORT SALON,CA_07710
LUCKY NAILS & SPA,TN_07711
TEXAS NAILS & SPA,TX_07712
SIGNATURE NAIL SPA,TX_07713
NAIL TEK ,AZ_07714
LAMOUR NAILS,TX_07715
MY NAIL BAR,TX_07716
RUNWAY NAILS AND SPA,TX_07717
DIAMOND NAIL SPA,KY_07718
IMPRESSION NAILS & SPA,CA_07719
ALLURE NAILS & SPA,TX_07720
LS NAILS & SPA,FL_07721
LAVENDER NAILS BAR,CA_07722
UNIQUE TAYLOR & CLEANERS,MI_07723
CUT & STYLE HAIR SALON,GA_07724
YOU NEED NAIL SPA (DIP NAIL SPA),AZ_07725
THE NAIL SHOP ,VA_07726
JEANNY NAILS,CA_07727
SPARKLE NAILS & SPA,PA_07728
SPARKLE NAILS & SPA,PA_07729
VOGUE NAIL & SPA,OR_07730
HAPPY NAIL BAR & SPA,NJ_07731
DIAMOND NAILS,AL_07732
NAILS PRO,IL_07733
ORCHID NAILS,NY_07734
NAILS BY KIMMY,CA_07735
ROSE NAILS,PA_07736
TROPICAL NAILS,OH_07737
HEALTHY NAILS & SPA,AR_07738
H & H NAILS SALON,TX_07739
H & H NAIL SPA,TX_07741
TUANVO SALON,TX_07742
MIMOSA NAILS,TX_07743
P I NAILS,NC_07744
IPOLISH NAILS SPA,CA_07745
T & T NAILS,AR_07746
DIVA NAILS & SPA,NM_07747
T & T NAILS SPA,AR_07748
HOLLYWOOD NAILS,PA_07749
KAUFMAN NAIL BAR,TX_07750
NAILS PLUS,TX_07751
ALLURE NAILS BAR,GA_07752
TIFFANY'S NAILS,GA_07753
LUXURY NAILS BAR,OR_07754
GLAMOUR NAILS,OR_07755
ENVY NAILS & SPA,OR_07756
MANIYO NAIL SPA,TX_07757
CITY NAILS & SPA SALON,GA_07758
DIAMOND NAILS & SPA,AR_07759
LEXOR NAILS,NM_07760
LOTUS SPA AND NAILS,PA_07761
PLATINUM NAILS,SC_07762
TIP 2 TOES NAILS & SPA,CA_07763
GARY BEARDSLEY AUTOMOTIVE,UT_07764
AAMCO TRANSMISSIONS & TOTAL CAR CARE,UT_07765
COTTONWOOD AUTO CARE,UT_07766
MIBELLA NAIL LOUNGE & SPA,FL_07767
ABERDEEN NAILS & SPA,FL_07768
DJ NAILS & SPA,GA_07769
FASHION NAILS,NC_07770
PROFESSIONAIL & SPA,CA_07771
CLASSY NAILS,NY_07772
BELLA NAILS STUDIO,OR_07773
NAIL PALACE & SPA,WI_07774
LA NAILS,PA_07775
QUEEN NAILS & SPA,IN_07776
T & D NAILS SPA,MA_07777
ROSES NAILS & SPA,TN_07778
VIP NAILS & SPA,NJ_07779
2NS NAILS & SPA,CA_07780
QUALITY NAIL,AZ_07781
PRECIOUS NAILS SALON & SPA,NH_07782
Lavo Queen Lashes & Beauty,TX_07783
BIJOU NAIL LOUNGE,TX_07784
CHICKEN RUN BBQ,TX_07785
BRIDAL PERFECT FIT,TX_07786
HOOVER NAILS & SPA,AL_07787
STAR NAILS SPA,GA_07788
BRIDAL PERFECT FIT,TX_07789
BLOSSOM NAIL SPA,TN_07790
YORBA SOLEIL HAIR SALON,CA_07791
NAILS OF AMERICA,NC_07792
LLDTEK SPOTONGO DEMO,TX_07793
LUXX NAILS,GA_07794
BOUJEE NAIL BAR,TX_07795
STAR NAILS,SC_07796
QUEEN NAILS,AL_07797
TYLER NAILS SPA,CA_07798
LE NAILS SPA,AL_07799
PRO TOP NAILS,AL_07800
PROFESSOR NAILS & SPA,NV_07801
NAIL TRIX,NH_07802
BEAUTY NAILS,NH_07803
PIEDMONT NAIL BAR,GA_07804
TIPSY NAIL & SALONBAR,GA_07805
MVP FOOD STORE,TX_07806
TAMMY NAILS SPA,TN_07807
JAZMIN SPA,GA_07808
LUX NAILS SALON 10070,CA_07809
LLDTEK SPOTONGO DEMO,TX_07810
LUXURY NAILS & SPA,MA_07811
NAILS STAR,AL_07812
OLIVE DRIVE SALON BARBER SHOP,CA_07813
POSH NAILS,TX_07814
HOLLY NAIL BAR & SPA,TX_07815
STARLIGHT NAILS & SPA,MI_07816
PERFECTION NAIL SPA III,NY_07817
LUX NAILS,CA_07818
MIRACLE NAILS,MN_07819
UTOPIA NAILS,TX_07820
NAIL SPA,AL_07821
NAIL PERFECTION,KS_07822
BEST NAILS & SPA,PA_07823
SPOTON DEMO TRUNG BUU,TX_07824
PRESTIGE NAILS & LASH,AZ_07825
NMB NAILS & HAIR,FL_07826
PARADISE NIGHTCLUB,CA_07827
LLDTEK SpotonGo,TX_07828
UNIQUE NAILS SUGAR LAND,TX_07829
OASIS NAILS & SPA,TX_07830
AMAZING NAILS SPA,SC_05570
MAY NAILS & SPA,TX_07832
LUXURY NAILS,FL_07833
ALLURE SPA NAILS,PA_07834
JENNY NAILS & SPA,TX_07835
MY NAILS,TX_07836
V&T NAILS,AL_07837
BB NAILS & SPA,MI_07838
PHOENIX CHINESE CAFE,TX_07839
NAIL LOUNGE,CA_07840
OPL NAILS,CO_07841
PRETTY NAIL,CA_07842
LUU NAILS SALON,OH_07843
MAGNOLIA NAIL & HAIR ,CA_07844
NAILS CENTER AND SPA,GA_07845
SUNNY NAILS SALON,NY_07847
TIENDA LA MEXICANITA,TX_07848
PHO PARIS,MA_07849
LUXE NAIL & SPA,PA_07850
UPSCALE NAILS & SPA,PA_07851
HOLLYS NAILS SPA,AL_07852
OH NAILS,VA_07853
SPOTON DEMO VICKI,TX_07854
N LUXE NAILS & SPA,TX_07855
TAQUERIA LILIA,TX_07856
NAIL COUTURE,CA_07857
ANN NAILS & SPA,TX_07858
DIAMOND NAILS & SPA,CA_07859
P & H NAILS SPA,FL_07860
LES MAINS NAIL BAR,GA_07861
PINK NAILS & SPA,KS_07862
NAIL BOUTIQUE & SPA,AL_07863
T-NAILS & SPA,TX_07864
KT NAILS & SPA,TX_07865
QT NAIL,TX_07866
PHO TAN MY,MD_07867
GALA NAILS,TX_07867
GALA NAILS,TX_07867
GALA NAILS,TX_07869
ABT NAIL & SPA,MI_07868
TL NAILS SPA,TX_07870
THE NAIL BAR & LASH,GA_07871
CHIC NAILS,AL_07872
CORNER NAIL LOUNGE & SPA,CA_07873
DIAMOND NAILS,IN_07874
MOLANA HAIR DESIGN,PA_07875
TIFFANY HAIR & NAILS,CA_07876
MELINDA NAILS,NY_07877
PRESTIGE NAILS,AZ_07878
PRO NAILS & SPA,MD_07879
LOTUS NAIL SPA,TX_07880
TLC NAIL BAR,AL_07881
RICKY NAILS,PA_07882
BALI BAR NAILS & SPA,NE_07883
TOP NAILS SALON,NJ_07884
RELAX NAIL & SPA,TX_07886
V NAILS SPA,CO_07887
LUXURY NAILS & SPA,FL_07888
ABSZ,PA_07890
LELIA SKIN SPA,PA_07891
RADIANCE HAIR SALON,TX_07892
BELLAGIO NAILS & MEDISPA,TX_07893
T MY NAILS,MO_07894
H & A LUXURY NAILS SPA,CA_07895
KIMMYS NAIL SALON,TX_07896
LA NAILS,GA_07897
247 ORGANIC NAILS & SPA,GA_07898
QUEEN NAILS,OK_07900
STUDIO NAILS & LASHES,TX_07901
LAVENDER OASIS NAIL SALON,CA_07902
NAIL TRENDS,NE_07903
PLAINFIELD NAILS & SPA,IN_07904
T & L NAILS,AL_07905
TJ GIFT SHOP,MI_07906
SPARENITY NAILS & HERBAL,TX_07907
SPARENITY NAILS & HERBAL 2,TX_07908
BOTHELL NAILS,WA_07909
HHQ NAILS SPA,TX_07910
CITY NAILS,TN_07911
LIBERTY NAILS,AZ_07912
POSH NAIL LOUNGE,WI_07913
LEGACY NAIL SPA,AL_07914
MAGNIFIQUE NAIL SALON,IL_07915
PALAZZO NAIL SPA,GA_07916
CLASSIC NAILS,CA_07917
TP NAIL SPA,NC_07918
BELLE FEMME NAIL SALON,CA_07919
GOLDEN NAILS & LASHES,CO_07920
VENETIAN NAIL SPA,TX_07921
ROCKSTAR NAILS & SPA,AL_07922
BUI NAILS LOUNGE LLC,CA_07923
VENUS NAIL SPA,AL_07924
1 NAILS,IL_07925
PRESTIGIOUS NAILS LOUNGE II LLC ,IL_07926
VIET NOODLE XPRESS,CA_07927
GREEN HILLS NAIL SPA,TN_07928
TOP NAILS & SPA,IA_07929
AV NAILS,AL_07930
VENETIAN NAILS & SPA,AR_07931
POLISH NAILS & SPA,WA_07932
MILANO NAIL SPA HUMBLE,TX_07933
KD NAIL,CA_07934
CALI HAIR SALON,CA_07935
LOVELY NAIL,_07936
IVY NAIL BAR,AR_07937
ROCKIE NAILS,TX_07938
DRAGON NAILS,TX_07939
ANGEL NAILS & SKIN CARE,OR_07940
COLLEGEVILLE NAILS SALON,PA_07941
MIRA 1 DAY SPA,NV_07942
4 SEASON NAIL SPA,TN_07943
LAVENDER LASH & SPA,TX_07944
CUTIE NAIL SPA & HAIR,CA_07945
NAILFEVER,GA_07946
LG NAILS & SPA,FL_07947
FANCY NAILS & SPA,TX_07948
GELLISHIOUS NAIL & SPA,AZ_07949
ISLAND NAILS,TX_07950
MADALYNNE NAILS & SPA OAK HILL,TX_07951
MADALYNNE NAILS & SPA,TX_07952
LUXURY NAIL,_07953
TLC NAILS EASLEY,SC_07954
LOVELY NAILS AND SPA,VA_07955
360 NAILS & SPA,NV_07956
JOHNS CREEK NAILS SPA,GA_07957
ALL NAILS & SPA,FL_07958
NOIRE NAIL BAR,VA_07959
EMMATRANG LASH LOUNGE,FL_07960
T & C NAILS II,VA_07961
NAIL KINGDOM,OK_07962
(TRENDY NAIL SPA)  i sang IVY NAIL SPA,AR_07963
ORCHIDS SPA & NAILS,NJ_07964
TINA NAILS,CA_07965
KC LUCKY NAILS & SPA,CA_07966
DIAMOND NAILS,_07967
LA BELLA NAILS LOUNGE,NV_07968
LA VIE LASH & NAILS,CA_07969
PEKING GROTON,CT_07970
SECRET BEAUTY NAILS & SPAS,CO_07971
KREATIVE NAILS & SPA,GA_07972
GEORGIA NAILS,GA_07973
DELUXE NAILS & SPA,TX_07974
BELLAGIO NAILS DAY SPA,TX_07975
BLISS NAILS SPA & WAXING,NJ_07976
PERFECT 10 NAILS & SPA,MN_07977
DEMO SPOTON PAUL WISE,TX_07978
EASTPOINTE NAIL & SPA,MI_07979
ANNIE NAILS & SPA,TX_07980
HOLLYWOOD NAILS,KS_07981
LUXURY NAILS,DC_07982
ELEGANT NAILS & SPA,NJ_07983
IVY NAILS & SPA,CA_07984
MODERN NAIL BAR,GA_07985
LES MAINS NAIL BAR,GA_07986
ORCHID NAIL & SPA,NC_07987
CNT NAILS,TN_07988
QUEEN NAILS SPA,PA_07989
MES AMIES NAILS & BEAUTY LOUNGE ,CA_07990
AN NAILS & SPA,NY_07991
JIA NAIL ROOM,WA_07992
ANGEL NAILS SALON,LA_07993
ORIENTAL SPA & NAILS,NJ_07994
THE NAILS SPA,TX_07995
CRYSTAL NAILS & SPA,CA_07996
LA NAILS AND SPA,OK_07997
LOS DE SANTIAGO AUTO BODY,CA_07998
SMART HAIR SALON,GA_07999
MARCHIO NAIL SPA,GA_08000
MIRAGE NAILS AND SPA,FL_08001
FASHION NAILS & HAIR SALON,NY_08003
FASHION NAILS & PEDICURE SPA,NY_08004
VIOLA NAIL LOUNGE ,NY_08005
ELEGANT NAILS,TX_08006
SWEETIE NAILS & SPA,IL_08007
RETENTION NAILS & SPA,NC_08008
THE PARIS NAILS,TX_08009
SASSY NAIL,CA_08010
ALL DIVINE NAILS AND SPA	,TX_08011
NAIL TRIX,MD_08012
NATURAL NAIL BAR,GA_08013
BELLAGIO NAILS SPA,FL_08014
LA BEAUTE NAILS SALON,CA_08015
IVY NAIL SPA ,MA_08016
NAILS & LASHES BY TULIP,CA_08017
NAIL CARE SPA,SC_08018
UNIQUE NAILS MIDTOWN,GA_08019
DIVA NAILS,GA_08020
LUX BEAUTY NAIL CARE,CA_08022
ANNIES NAILS & SPA,TX_08023
QUEEN NAILS,LA_08024
CAMI BEAUTY SPA,FL_08025
LELE NAILS,MI_08026
CREATIVE NAILS,KS_08027
EXPO NAILS,NJ_05738
T BEAUTY SPA SALON,CA_08029
TD NAILS SPA,AL_08030
MILITARY NAIL BAR & SPA,TX_08031
LUXX NAIL SALON,TX_08032
GENJJI NAILS,GA_08033
CITY NAILS SALON,GA_08034
QT NAILS & SPA,IL_08035
GARDEN NAILS,AZ_08036
GLITZ NAIL BOUTIQUE,WI_08038
ANNS SPA AND NAILS,FL_08039
LAMOUR NAILS,TX_08040
BLOOMING NAILS & SPA,CA_08041
KT NAILS & SPA,TX_08042
ANGEL CUTS,CA_08043
NAIL EXPO,NC_08044
BELLEXA A TU ALCANCE,TX_08046
LAMOUR TOES & NAIL,TX_08047
LUXX NAIL BAR,TX_08048
A NAILS,SC_08049
DELUXE NAILS ATX,TX_08050
LOTUS SPA CHAIR NAILS & BEAUTY SUPPLY,CA_08051
TIPSY NAIL BAR,FL_08053
FAMOUS NAILS,TX_08054
GARDEN NAILS BAR,CA_08055
CHINA HOUSE RESTAURANT,CA_08056
HAIR SALON 22,CA_08057
DK NAILS SPA,TX_08058
TOMMYS BURGER 3,CA_08059
NUTRITION 281,TX_08060
LUXURY NAILS SPA,VA_08061
GEM NAIL BAR 10682,FL_08062
CLK NAILS,CA_08063
PARIS NAIL BAR ,TX_08064
MODERN SPA & NAILS,PA_08065
AMAZING NAILS SPA,SC_08066
SAPA NAILS,TX_08067
ALLURE SPA,GA_08068
ENZA NAILS & LASHES ,TX_08069
THE PARIS NAIL,TX_08070
CALIFORNIA NAILS & SPA,CA_08071
POLARIS NAIL BAR,TX_08072
HAWAIIAN NAIL BAR DALLAS,TX_08073
NAILS EXPRESSION & SPA,GA_08074
CLASSY NAILS,IN_08075
SWEET MOMENT NAILS & LASHES,TX_08076
TOMMY COVINIENCE STORE,NJ_08077
WINTER NAILS & SPA,CA_08078
NZ DELI GROCERY,PA_08079
UPSCALE NAILS,PA_08081
LUXURY NAILS LOUNGE,NJ_08082
PURE NAILS SPA,TX_08083
QUEEN DAISY SPA,DE_08084
NAIL BAR,TX_08085
LV NAILS & SPA,CA_08086
NEW YORK NAILS,MI_08087
LINDAS NAILS,IA_08088
LUXX NAILS,NY_08089
LINDA NOTA EXOTIC NAILS SALON,MA_08090
PERFECT 10 SPA,TX_08092
NY 3 GROGERY,PA_08093
FUTURE NAILS & SPA,DE_08094
MY NAILS SPA,CA_08095
DEPTFORD NAIL,NJ_05471
LA NAILS OF CONYERS,GA_08097
TOMMY NAILS,MI_08098
BJ HAPPY NAILS SPA,CA_08099
TIN TIN BANH MI,TX_08100
STAR 1 CONVENIENCE STORE,PA_08101
MD NAIL STUDIO,NJ_08102
GHOST CLOUD,PA_08103
TOP THERAPY ACADEMY,CA_08104
TALON NAIL BAR,PA_08105
ALLURE NAILS & SPA,GA_08106
HOLLY NAILS & SPA,AR_08107
CATS NAILS & SPA,MI_08108
QUEEN NAILS & SPA,WA_08109
EQUESTRIAN GRILL,FL_08110
TIP TO TOE NAILS PLANO,TX_08111
D NAILS,GA_08112
AJ NAILS,MO_08113
LETIQUE NAILS,TX_08114
PRESTIGE NAILS,NJ_08115
WOODMINSTER NAILS,CA_08116
NAILS BY CHING,MI_08117
LUX NAILS,NJ_08118
JOJO NAILS,CA_08119
ART NAILS,NY_08120
MODERN SPA & NAILS II,PA_08121
EMBELLISH NAIL & SPA,AZ_08122
DYSNASTY NAILS,GA_08123
ROYAL NAIL SPA,GA_08124
CITY NAILS 2,GA_08125
LA SPA & NAIL BAR,PA_08126
JK NAILS & SPA,SC_08127
STARLIGHT NAIL & SPA,NJ_08128
CHEAP CIGARRETES,CA_08129
1 NAILS SALON,IN_08130
NATIONWIDE NAILS AND SPA,TX_08131
THE ONE NAILS,NY_08132
TOP NAILS,NC_08133
LEE AUTOMOTIVE,OR_08134
KK NAIL SPA,TX_08135
FOREVER NAIL & SPA,VA_08136
PRO NAILS,CA_08137
ROMIE'S NAIL BOUTIQUE,TX_08138
POSH NAIL,MO_08139
COCO NAILS SALON 2,HI_08141
KIM NAILS,AL_08142
STYLE NAIL SPA,TX_08143
VPRO NAIL SPA,KY_08144
ANGEL LASH,MA_08145
COVELL NAILS SPA,OK_08146
NEW DAY NAILS & SPA,MI_08147
LA NAVI NAILS,RI_08148
NEW HOLLYWOOD NAILS & SPA,MI_08149
NAILS SPA,PA_08150
LELE NAILS,MI_08151
AMAZING NAILS & SPA,OR_08152
LOTUS NAILS AND SPA,VA_08153
TACOS LOS CANNALES,CA_08154
NAIL 2000 PLUS AND SPA,CA_08155
KEN NAILS SALON,GA_08156
MAVEN NAILS ,NJ_08157
ALLURE NAILS & SPA,GA_08158
HAPPY NAILS,MI_08159
LV NAILS,NV_08160
DP NAILS,CA_08161
LA VOUGUE NAILS & SPA,CO_08162
LOVELY NAILS,TX_08163
AVIA NAILS,GA_08164
EAV THE NAIL SHACK SALON AND SPA,GA_08165
NAILS BY PRO,TX_08166
DV CAFE,CA_08167
DV CAFE,CA_08168
GLORY NAILS,TX_08169
PINK NAILS & SPA,KS_08170
VIP NAILS & SPA,TX_08171
MCBEE NAIL LOUNGE,SC_08172
SKY NAILS,SC_08173
VENICE NAILS SPA,PA_08174
LA BEAUTY,NM_08175
VI NAILS & SPA,TX_08176
L.A. NAILS,WI_08177
AWESOME NAILS,GA_08178
NAILS PLUS,CT_08179
EXPRESS MINI MARKET,PA_08180
JOHN NAILS,GA_08181
US NAILS,OH_08182
FANCY NAIL SPA,TX_08183
EVA NAILS & SPA,NC_08184
CELINE NAILS & SPA,IL_08185
NAIL BAR TWIN OAKS,CA_08186
VIP NAIL BAR,LA_08187
AVANTE BEAUTY LOUNGE,NC_08188
NAILS TODAY ,MD_08189
LEE NAILS SPA,NV_08190
LUNA NAILS & SPA,CA_08191
NAILS PLUS & SPA,AL_08192
USA NAILS,TX_08193
SKY NAILS SPA,TX-08194
EXPO NAILS 2,NY_08195
NY 2 GROCERY,PA_08196
ANNS SPA AND NAILS LOUNGE,FL_08197
FIRST PRO NAILS III,GA_08198
MARBLE NAILS AND SPA,CA_08199
CHIC NAILS LOUNGE,TX_08200
PARIS NAILS,DC_08201
PRINCESS NAILS & SPA,CA_08202
VENICE NAIL & SPA,IL_08203
DELUXE NAILS & SPA,TX_08204
SIMPLY NAILS,CA_08205
ELEGANT NAILS,OH_08206
NAIL TEK,GA_08207
PRO NAIL,OR_08208
MAGIC NAIL SALON & SPA,NY_08209
LY NAIL SPA,PA_08210
NC NAILS & SPA,FL_08211
JD NAILS,MI_08212
MCBEE LASH BAR,SC_08213
A NAILS SPA ALABAMA,AL_08214
AJ NAILS SPA,TX_08215
PRO NAILS,NC_08216
NINA ORGANICS NAIL & SPA,MD_08217
CHARLESTON ASSISTED LIVING,AZ_08218
A LA MODE NAILS & SPA,NJ_08219
HUSKER NAILS & SPA,NE_08220
NAIL TEK 1,CA_08221
KIM NAILS,NC_08222
EXPRESS NAILS & WAXING,TX_08223
PRO NAILS & SPA,FL_08224
KIM NAILS & BROWS,FL_08225
I NAILS SPA,CA_08226
P AND L NAILS,FL_08227
THE NAIL ROOM,AZ_08228
Lexington Nails,OH_08229
MR WISH,DE_08230
US NAILS,MI_08231
LOTUS BEAUTY NAILS & SPA,TX_08232
LUXURY NAILS & SPA,PA_08233
T NAILS,TX_08235
ESSENCE NAILS & SPA,TX_08236
A NAILS KT,GA_08237
K NAILS AND SPA,TX_08238
NAILS ART,GA_08239
NAILS PARADISE,AL_08240
A NAILS KT,GA_08241
GLO NAIL SPA,CO_08242
NAILS OF AMERICA PEARLAND,TX_08243
MALIBU NAIL LOUNGE,TX_08244
K & K NAIL & SALON,TX_08245
ANGELBEAUTY NAIL SALON & SPA,PA_08246
DEMO SPOTON PETER NGUYEN,TX_08247
VIP NAILS,IL_08248
KAWAII NAILS & SPA,TX_08249
NAILS USA,MI_08250
RIVERSIDE NAILS & SPA,FL_08251
BLISS NAILS & LASHES,AR_08252
BELLA NAIL & LASHES,NV_08253
POLISHED NAIL BAR,GA_08254
OCEAN NAILS & SPA,WV_08255
PARIS NAILS & SPA,CA_08256
HAWAII NAILS II,UT_08257
CITY NAILS SPA,TN_08258
ORGANIC NAILS & SPA,FL_08259
LAVISH NAILS & SPA,CA_08260
RIVER NAILS SPA,CA_08261
BH NAILS,MI_08262
PIONEER NAILS & SPA,WA_08263
VIP NAILS & SPA,OH_08264
VIP NAIL SPA IN COLUMBIA,MD_08265
ORCHARD PARK NAILS & SPA,NY_08266
NAILS CENTER & SPA 10906,GA_08267
MOON NAILS & LASHES,CO_08268
ELITE NAILS & SPA,NJ_08269
LUKE NAILS & SPA,FL_08270
HANNAH NAILS,TX_08271
UT SPA & NAILS SUPPLY,TX_08272
M NAIL STUDIO,IL_08273
FIRST PRO NAILS,GA_08274
V NAILS & SPA,AL_08275
NAILS BOUTIQUE & SPA,CA_08276
VS NAILS,CO_08277
NAIL BAR SPA,IL_08278
US PRO NAILS ETC,TX_08279
SM HAIR & NAIL SPA,CA_08280
MINA AFRICAN HAIR BRAIDING,TX_08281
JOLIE NAILS,TX_08282
BERRIES NAILS & LASHES,TX_08283
AUTO OUTLET,AL_08284
REGAL NAILS,TX_08285
10 TO 10 NAILS,PA_08286
MAJESTIC NAILS & SPA,FL_08287
ELITE NAIL & SPA,TX_08288
ANGEL NAILS,AL_08289
ANGELINA NAILS,IL_08290
CENTRAL PARK NAIL BAR/ SALON,TX_08291
NXA NAILS ADDIX,TX_08292
UNIQUE LASHES & NAILS,AL_08293
BELLA 2 NAIL SALON,CA_08294
LA BELLE NAILS & SPA,MN_08295
EAGLE NAILS,GA_08296
GLAZE NAILS,TX_08297
LOVELY NAILS SPA,TX_08298
VERNON NAILS BAR & SPA,OR_08299
OMBRE NAILS BAR,VA_08300
Q NAILS,OH_08301
BEVERLY NAILS & SPA,NC_08303
DEMO SPOTON THAO TRAN,TX_08304
PARADISE NAILS,TX_08305
ERICKSON PAINTING PROS,CA_08306
THE NAIL BAR BUCKHEAD,GA_08307
LA NAILS & SPA,TX_08308
Jojoba Nails & Spa,MA_08309
NAIL BOUTIQUE SPA ,AL_08310
TOTAL NAILS 09254,NC_08311
BLOSSOM NAILS,CA_08312
VILLA NAILS & HAIR,TX_08313
ANA NAILS & SPA,CA_08314
HOLLYWOOD NAILS & SPA,TX_08315
SUNSET NAILS & LOUNGE,NV_08316
CHLOE NAILS & SPA,MA_08317
JP NAILS,IL_08318
INFINITY NAILS,TX_08319
NAILS FOR YOU,OR_08320
LUCKY NAILS & SPA,MA_08321
HAPPY NAILS & TAN,GA_08322
SAKURA SALON,TX_08323
TROPICAL NAILS SALON,GA_08324
CARNICERIA LOS PONCES,CA_08325
PRO NAILS & SKIN,TX_08326
MODERN NAILS,TX_08327
ADORE NAIL SPA,AZ_08328
BEAUTY NAILS,TX_08329
CLASSY NAILS,PA_08330
P H NAILS,AR_08331
OLIO NAILS AND SPA,MD_08332
STARLIGHT NAILS AND SPA,PA_08333
LA NAILS,GA_08334
ELISE NAILS,CA_08335
H2O TANNING AND NAILS,IN_08336
K & K NAILS,ND_08337
DAY NAILS & SPA,CA_08338
DT NAIL & SPA,VA_08339
RIVIERA NAILS & SPA,MA_08340
PEREZ TIRES & WHEELS,CA_08341
NAIL TECH,AL_08342
NAIL BAR 54,FL_08343
LEE NAILS,MA_08344
CHLOE NAILS & SPA,MA_08345
TRENDY NAILS & LASHES,AZ_08346
KATHY NAILS & SPA SALON,PA_08347
NEW YORK NAILS,TX_08348
ELITE SPA NAILS,NC_08349
AL NAILS,AL_08350
KNS NAILS,TX_08352
POSH NAILS BAR,KY_08353
NOIRE NAIL BAR AT OVIEDO,FL_08354
LEANN SALONBAR,FL_08355
MOON LASHES & BROWS,CA_08356
4 SEASON NAILS & SPA,KS_08357
OCEAN NAIL SPA,OH_08358
GALAXY NAILS & SPA,FL_08359
STAR & STRIPES NAIL SPA,TX_08360
XOXO NAILS AND LASHES,08993
SAIGON SPA & HAIR,CA_08362
PINK LUXURY DAY SPA,NJ_08363
COLOR NAILS,CA_08364
POSH NAILS & SPA,FL_08365
RAW LAB SPA,PA_08366
MELODY NAILS & SPA,TX_08367
T & C NAILS & SPA,MA_08368
INFINITY NAIL,GA_08369
DIVA NAILS & SPA,MO_08370
PEARL NAILS SPA,VA_08371
SOLAR NAILS ,PA_08372
NICE NAILS,TN_08373
SORELLA NAILS & SPA,TX_08374
ESSENCE NAIL,GA_08375
KAWAII NAILS & SPA,TX_08249
LE'S MAINS NAILS BAR,GA_06111
DELUXE NAILS & SPA,TX_08204
NOIRE NAIL BAR,FL_08376
PRETTY NAILS,FL_08377
LUX NAILS,MA_08378
LA VOGUE NAILS & LASH,AR_08379
SANDI'S NAIL-SPA,TX_08380
PARIS NAILS & SPA,WI_08381
JASMINE NAILS,NM_08382
TRACY NAILS & SPA,CA_08383
LA VOGUE NAILS & LASH,CO_08384
LUXE NAIL SPA,FL_08385
ARIA NAIL BAR ,TX_08386
C NAILS,TX_08387
NAIL MILLENNIUM,GA_08388
1 NAILS,LA_08389
A & D HAIR & NAIL SALON,VA_08390
T NAILS,IA_08391
LIZA NAIL SPA,IL_08392
LILY NAILS & SPA,OH_08393
GRANDLUX NAIL SALON,TX_08394
ISHINE NAIL SPA,CA_08395
NAIL 21,GA_08396
NAILS 2000 & SPA,TX_08397
THE GRAND NAIL SALON,TX_08398
SPLENDOR NAIL SPA,GA_08399
DEMO SPOTON THI NGUYEN,TX_08400
FINEST NAILS & SPA,CA_08401
SCARLETT SALON SPA & NAILS,TX_08402
PRETTY NAILS,GA_08403
FASHION NAILS,CA_08404
THE ROYALTY SALON & NAILS,OK_08405
ANDY NAIL SPA,CA_08406
TJS ACCESSORIES,CA_08407
ROXBOROUGH NAILS & SPA,PA_08408
BB NAIL SPA,MO_08409
BEAUTY NAILS & SPA,GA_07334
S&N BAR SPA NAILS,PA_08410
RIDGMAR NAILS,TX_08411
UNIQUE CUTS,PA_08412
REVIVAL NAILS & SPA,WA_08413
MYLAN NAILS,NC_08414
FASHION NAILS & SPA,PA_08415
MAX NAILS,OR_08416
NAIL STOP,FL_08417
DEMO SPOTON HAN LE,TX_08418
Q NAIL SALON,GA_08419
MAGIC NAILS,MI_08420
TRULY NAILS,IA_08422
TP NAILS & SPA,PA_08423
V NAIL SPA,CO_08424
FANCY NAILS,AL_08425
ESSENTIAL NAILS BMT INC,TX_08426
FRACASSI LASHES,FL_08427
LILY NAIL SALON,GA_08428
ANGEL NAILS & SPA,TX_08429
REJUVENATION NAILS & SPA,CA_08430
LONGS HAIR STUDIO,TX_08431
NAILS OF AMERICA,TX_08432
KAITO NAIL BAR,NC_08433
PASSION NAILS SALON,GA_08434
SIGNATURE NAILS SPA,TX_08435
RYANS SEAFOOD,OK_08436
AJ CANDY SHOP,PA_08437
ALLURE NAILS & SPA,TX_08438
LILY NAILS & SPA,OH_08439
CLASSY NAILS INC.,CA_08440
FRENCH NAILS,TX_08441
GOLDEN NAILS,MA_08442
LUXURY NAILS AND HAIR SPA,FL_08443
CENTRAL NAILS & SPA,NJ_08444
EM BEAUTY SPA,TX_08445
TRAILHEAD TAP,AR_08446
RIVERSIDE NAILS & SPA,FL_08447
DEMO SPOTON TONY LESLIE,TX_08448
VIP NAILS,OK_08449
HUNNY HAIR & NAILS SPA,CA_08450
HUNNY HAIR & NAILS SPA 2,CA_08451
MOONLIGHT BEAUTY,OK_08452
MAGIC NAILZ,NJ_08453
POKEMAKI,OR_08454
SPARKLE NAIL SALON,IL_08455
SOHO NAIL BAR,TX_08456
FOXY NAILS & SPA,AL_08457
LA NAILS,MD_08458
LUXURY NAILS,TX_08459
PN NAILS,IN_08460
ROMIE NAIL BOUTIQUE,TX_08461
VIP NAIL BAR 2022,TX_08462
GOSSIP NAILS AND SPA,SC_08463
HAPPINESS NAIL BAR,CA_08464
CLASSIC NAILS,CA_08465
WATKINS PARK NAILS AND SPA,MD_08466
NAILS BY HEIDI,AR_08467
FENDI NAIL,NC_08468
LUXE NAIL BAR,TX_08469
HER NAILS AND SPA,VA_06772
TRIAD DAY SPA,NC_08470
SUPER NAILS & SPA 2,CT_08471
BALLY NAILS,GA_08472
BELLA NAILS & SPA,TX_08473
DAVE TIRES,CA_08474
QD NAILS & SPA,CA_08475
VENETIAN NAILS & SPA,TX_08476
PRINCESS HAIR NAILS & SPA,CA_08477
PANDORA NAIL SPA,CA_08478
LAVISH NAIL LOUNGE AND SPA,WV_08479
RIC NAILS,VA_08480
YUKI HAIRCUTS FOR MEN & BEAUTY ,CA_08481
VI THAI RESTAURANT,OR_08482
ARTISTRY NAILS & SPA,CA_08483
FAMILY NAILS & SPA,TX_08484
NAILS BY SUSAN,AR_08485
ELITE NAILS,IA_08486
DIAMOND NAILS & SPA,MS_08487
GLOSSY NAILS,TN_08488
VIP NAIL BAR,UT_08489
AMERICAN NAILS SPA,CA_08490
DEMO TRUST MERCHANT SERVICES,TX_08491
SAVVY NAILS,TX_08492
QT NAILS,KY_08493
HI TECH NAILS,NJ_07312
PRESTIGE NAILS,VA_08494
ROSE SPA & NAILS,PA_08495
FLOWER MOUND NAIL SPA,TX_08496
ROYAL NAIL BAR,CA_08497
NAIL SPA,SC_08498
N.5 NAIL BAR ,KS_08499
SPOTON DEMO ANDY TAING,TX_08500
BOSS NAILS,NY_08501
BOSS NAILS,NY_08502
CITY NAIL SALON,IL_08503
EXOTIC NAILS,NJ_08504
DT NAILS DESIGN,CA_08505
MILANO NAILS SPA,TX_08506
NAILS TECH,MD_08507
PARIS NAIL SPA,WI_08508
SEXY NAILS III,NJ_08509
HELLO NAIL SPA,TX_08510
COLOR TOUCH SALON AND SPA,VA_08511
I MANI-PEDI,NJ_08512
SUN NAILS,MI_08513
HOLLYWOOD NAILS SPA,MI_08514
LA VIE NAIL SPA,VA_08515
HAPPY NAILS,CA_08516
ROYAL NAILS & SPA,NM_08517
GLOSS NAIL BAR,GA_08518
DEMO TRUST MERCHANT SERVICES 3,TX_08519
RAPID SMOG TEST,CA_08520
ANGEL NAILS,PA_08521
THE NAIL SPA,CO_08522
V NAILS SPA,MD_08523
LV SPA & NAILS,CO_08524
CRE8 BEAUTY LOUNGE,FL_08525
4 SEASON NAILS & SPA,DE_08526
DEMO SPOTON CHUCK,TX_08527
V.V NAILS,SC_08528
RAPID SMOG TEST ONLY,CA_08529
PALACE NAILS & SPA,TX_08530
DE LASH STUDIO,TX_08531
RHODES DRIVING SCHOOL INC,TX_08532
NAILS TECH,NC_08533
TIP TOE NAILS,NV_08534
CONVERSE NAILS & LOUNGE,TX_08535
LAMOUR NAILS & SPA PUYALLUP,WA_08536
DIOR NAILS,TX_08537
NAILS TECH,MD_08538
CREATION NAIL & SPA,CA_08539
DEMO SPOTON HIEU NGUYEN,TX_08540
LA NAILS,MN_08541
ADAM NAILS BAR & EYELASHES,PA_08542
LAVISH NAILS & SPA,TX_08543
NAILS BY LEE,TX_08544
VENETIAN NAIL SPA,TX_08545
CURLIES HAIR SALONS,NJ_08546
LEE DAY SPA AT RIVER OAKS,IL_08547
MARYS NAILS,PA_08548
BELLA LOUNGE & SPA,NJ_08549
LUX NAIL BAR,TX_08550
CITY NAIL SPA,VA_08551
KIM'S LASHES,WA_08552
RHODES DRIVING SCHOOL INC,TX_08553
RHODES DRIVING SCHOOL INC,TX_08554
RHODES DRIVING SCHOOL INC,TX_08555
FANTASY NAILS & SPA 9321,MD_08556
EXQUISITE NAILS & SPA,KY_08557
TONY'S NAILS & SPA,GA_08558
PLAINFIELD NAILS & SPA,IN_08559
PALAZZIO NAIL LOUNGE,TX_08560
INSPIRE NAIL BAR & SPA,MD_08561
COZY NAIL LOUNGE,TX_08562
GLENSIDE NAIL & SPA,PA_08563
NAIL WORKS BAR,DC_08564
DINOS DONUT INC,AK_08565
FOUR SEASON NAILS & SPA,PA_08566
VENUS NAILS BAR,MO_08567
BUCKHEAD NAILS & SPA PEDICURE,GA_08568
D & D NAILS SPA,GA_08569
NASAVA'S NAIL SPA,OH_08570
ORCHIRD NAILS SPA 11672,FL_08571
K C NAILS,KY_08572
KIMS NAILS,NC_08573
MELANGE SALON & SPA,NY_08574
DIVINE NAILS,MI_08575
SHELLAC NAILS & SPA,OK_08576
CURBSIDE AUDIO,CA_08577
LUXURY NAILS & SPA,UT_08578
PIXIE NAIL,VA_08579
FOUR SEASONS NAILS,MO_08580
LOTUS NAILS,NJ_08581
OASIS NAILS,TX_08582
FOREVER NAILS & SPA,NC_08583
HOPE SPA & NAILS,CA_08584
PI NAILS,NC_08585
LOTUS NAIL BAR & SPA,PA_08586
COSMIX NAILS & SPA,TX_08588
QUEENIE NAILS AND SPA,OH_08589
S1 NAILS,SC_08590
NAILS OF AMERICA,TX_08591
BRIDAL PERFECT FIT & CASUAL TAILORING,TX_08592
SPA NAIL,TX_08593
LUXURY NAIL SPA,MA_08594
TH NAILS & SPA,MO_08595
BELLA NAIL BOUTIQUE,NJ_08596
DELUXE NAILS STUDIO LLC,NJ_08597
PROFESSIONAIL,OK_08598
TIPSY SALONBAR,FL_08599
K & L NAILS,TX_08600
HOLLY NAILS & DAY SPA,CT_08601
ALLURA SALON & SPA,WA_08602
OASIS NAILS,TX_08604
NAIL GARDEN,OR_08605
H & Q STUDIO,AR_08606
NAILE NAILS & BEYOND,OR_08607
CITY SPA NAILS,CA_08608
BB NAILS & SPA,FL_08609
NAIL THERAPY,LA_08611
SOPHIA NAIL SALON,FL_08612
PINKY SPA NAILS,NJ_08613
SKY LASH & NAIL SPA,TX_08614
T & C NAILS,TX_08615
NAIL IMAGE,CA_08616
CQ NAILS,WI_08617
THE LOUNGE NAIL SPA,CA_08618
VENETIAN NAIL SPA,TX_08619
NATURAL NAILS,NC_08620
FAIRY NAILS,TX_08621
STUDIO NAILS,TX_08622
THE SUN VEGAN,CA_08623
QUARRY NAILS,TX_08624
MY NAIL SPA,TX_08625
ALLURE NAIL SPATIQUE,TX_08626
GLAMOUR NAILS,CA_08627
CHIC VARNISH NAILS,DE_08628
DAZZLING NAILS & SPA,CA_08629
GORGEOUS NAILS AND SPA,DE_08630
MILANO NAIL SPA WEST U,TX_08631
CT BISTRO VIET & THAI,OR_08632
NAILS PRO,IN_08633
THE NAIL SPA,CO_08634
LOVELY NAILS 1,TX_08635
BELL NAILS & BED SPA,OR_08636
US NAILS,UT_08637
ME NAILS & MORE,MD_08638
NAILS CLUB,GA_08639
MESA NAILS & SPA,TX_08640
NAILS ON,GA_08641
LUCY NAILS,AR_08642
SOUTH PHILLY NAILS,PA_08643
NAIL ART & DAY SPA,TX_08644
NAILS SO HAPPY 11839,FL_08645
IVY NAILS,CA_08646
TRENDY NAILS,CA_08647
A&N NAILS & SPA,TX_08648
HKT NAIL & SPA,WA_08649
CAPE NAILS HAIR & SPA,ME_08650
DAZZLING NAILS AND SPA,SC_08651
ELLSWORTH & RAMMELL AUTOMOTIVE,CA_08652
AURUM CRAFT,NJ_08653
XO NAILS & SPA,TX_08654
LOGIC NAILS,OK_08655
TJ NAILS,NM_08656
COMMERCE NAILS & SPA,TX_08657
MEGA TOM BURGERS,CA_08658
VOGUE NAIL SPA,CA_08659
ELEGANT NAIL SPA,TX_08660
FRENCH NAILS SPA,GA_08661
NAIL TINI,TX_08662
LUCKY NAILS,SC_08663
GLUX BEAUTY INC,MA_08664
GLAMOR NAILS & SPA,TX_08665
JT NAILS,SC_08666
NIRNAVA NAIL SPA,TX_08667
THE NAIL ZONE,SC_08668
ARTZY NAILS,TX_08669
TIPSY NAIL & SPA,CA_08670
YSL NAILS SPA,TX_08671
SIGNATURE NAILS & SPA,GA_08672
SIGNATURE NAILS & SPA 11888,GA_08673
SIGNATURE NAILS & SPA,GA_08674
MARIO PIZZA,CA_08675
POMONA SHEET META WORKS,CA_08676
SAVVY NAILS,TX_08677
V NAILS & SPA,NC_08678
NAILS BY LT,NC_08679
VIP NAIL & SPA,TX_08680
ORGANIC NAILS SPA,FL_08681
MODERN NAILS & SPA,FL_08682
HELLO NAILS,KS_08683
4 SEASONS NAILS,MS_08684
FINE NAILS,GA_08685
NAIL PASSION,FL_08686
QUEEN NAILS SALON 11904,NJ_08687
NAILS BY DISTRICT,DC_08688
YN NAIL SALON,ID_08689
JOY NAILS,WI_08690
NAILS BY DISTRICT,DC_08691
GRAND NAILS & SPA,TX_08692
Q&N NAILS,MI_08693
HOLLYWOOD NAILS & SPA,PA_08694
Lotus Nails Day Spa,FL_08695
GLOSS NAIL LOUNGE,TX_08696
KP NAILS,VA_08697
ELEGANT NAILS SALON,OH_08698
ACCENT NAILS & SPA,FL_08699
FIRST LADY NAILS,CA_08700
PINK NAILS,VA_08701
FRENCH NAILS,LA_08702
FRENCH NAILS,LA_08702
TEXAS NAILS & SPA,TX_08703
ESCAPE THE NAIL LOUNGE,MI_08704
TYLER NAILS,TX_08705
T NAIL SPA,CA_08706
SHINY NAILS,TX_08707
NAILS PLUS SALON,SD_08708
DEMO SPOTON THOMAS NGOC TA,TX_08709
INFINITY NAIL,TX_08710
HAWAIIAN NAIL BAR DALLAS,TX_08711
RELAX SPA AND NAILS,TX_08712
RADIANT NAILS & SPA,VA_08713
BELLA NAILS,WY_08714
ANDY NAIL & SPA,FL_08715
NAILS BOUTIQUE & SPA,CA_08716
SUGAR POLISH NAIL BAR ROSWELL 11987,GA_08717
POSHE NAILS AND DAY SPA,FL_08718
TOP NAILS & SPA,CA_08719
NATURAL NAIL & SKINCARE,VA_08720
NATURAL NAIL & SKINCARE,VA_08721
INAIL SPA,FL_08722
CRYSTAL NAILS & SPA,KS_08723
DJ NAILS & SPA,CA_08724
FARMERS DEN,CA_08725
MODERN NAIL BAR,TX_08726
D & P NAILS & SPA,LA_08727
LUSH LASH + NAIL CO,PA_08728
VIVIANS NAIL SPA,VA_08729
PREVIOUS NAILS SALON & SPA,NH_08730
SKY BLUE NAILS & SPA,CA_08731
PINKY NAIL SPA SIOUX CITY,IA_08732
MILANO NAIL SPA,TX_08733
OMG NAILS SPA,CA_08734
STYLE NAIL SPA,TX_08735
NY 5 GROCERY,PA_08736
BRYAN NAILS & SPA,NC_08737
PASSION NAILS & SPA,GA_08738
NAILS GLAMOUR,FL_08739
VIP NAILS & SPA,NM_08740
LE NAILS,ID_08741
PHO HA LONG,TX_08743
SLEEK NAILS AND SPA,MO_08744
NAILS & SPA TOO,UT_08745
IMAGE NAILS & SPA,OR_08746
D CROWN NAIL BAR,TX_08747
CHIC NAILS LOUNGE,TX_08748
SPLENDOR NAILS SPA,GA_08750
CITY NAIL SPA,VA_08551
MODEL NAILS,AZ_08752
SKYLINE NAILS & SPA,TX_08753
HANNAH NAILS,MN_08754
CT NAILS SPA,IL_08755
INTEGRITY NAIL BAR,TX_08756
DAZZLING NAILS & SPA,NJ_08757
ONE TOUCH NAIL,VA_08758
GIGI NAILS,MI_08759
J AND J NAIL BAR,MD_08760
HOME NAILS & SPA,WI_08761
RITZ NAILS AND SALON,WI_08762
WAX AND NAILS,TX_08763
TINA NAILSTYLE,FL_08764
BB NAILS & SPA,TX_08765
FAMOUS HAIR & NAIL SPA,CA_08766
GUCCIO NAIL SPA,CA_08767
REGAL NAILS,MI_08768
MURPHY COSMO NAILS & SPA,TX_08769
NAIL SPA,AL_08770
LAVISH NAILS & SPA,WA_08771
LUXOR NAILS & SPA,CA_08772
CITY NAIL & SPA,UT_08773
HOLLYWOOD NAILS & SPA,DE_08774
REDMOND NAILS,CA_08775
J & J PHO VIETNAMESE RESTAURANT,MD_08776
NAILS HAVEN,DE_08777
REGAL NAILS SALON & SPA,GA_08778
BELLA NAILS,TX_08779
NAILS 4 U,OH_08780
LINA NAILS SALON,MI_08781
BEAUTIFUL NAILS,VA_08782
TOP NAILS,NE_08783
QUEEN NAILS & SPA,HI_08784
MIMI NAILS SALON,GA_08785
SPOTON DEMO DJ RENTZ,TX_08788
LOUIS NAILS & SPA,MA_08787
SKYLAR NAILS SPA,CA_08789
NAIL SALON,TX_08790
PHO QUE HUONG,TX_08791
BEST NAILS SALON & SPA,AR_08792
K & J NAILS SPA,CA_08793
ORCHID NAILS,NY_08794
COZY NAIL SPA,TX_08795
TX NAIL SPA,TX_08796
HAPPY NAILS,TX_08797
EVA NAILS SPA,FL_08798
MES AMIES NAILS & BEAUTY LOUNGE,CA_08799
LA MIRANDA NAILS & SPA,FL_08800
NAILS STUDIO,MO_08801
CLEMMONS NAIL SPA,NC_08802
MILA NAIL BAR,GA_08803
KC LOVELY NAILS,CA_08804
VANIDY NAIL SALON,GA_08805
4 SEASONS NAILS AND SPA,DE_08806
LENA NAILS SALON,PA_08807
Q NAILS & SPA,TX_08808
COWBOYS NAIL BAR 2,TX_08809
NO 1 NAILS,TX_08810
LILY NAIL SPA,NC_08811
COUNTRY CLUB NAIL SPA,LA_08812
EAGLE NAILS,GA_08813
KL TOP NAIL SPA LLC,TX_08814
1 PRO NAILS,TX_08815
SUGAR POLISH NAIL BAR,GA_08817
CREATIVE NAIL SPA,ID_08818
OHH LALA NAIL BAR,TN_08819
JUST NAILS & SPA,NV_08820
TODAY'S NAILS,TX_08821
DAISY NAILS & SPA,MA_08822
KAYLEES NAILS,MN_08823
NATURAL NAIL BAR,GA_08824
FAMOUS NAILS,SC_08825
SOLAR NAILS,TX_08826
UBELLA LASH & BEAUTY,CA_08827
SPRING NAILS,MO_08828
TURBO NAILS,MN_08829
LUXE NAILBAR,VA_08830
NAIL EXPO,NJ_08831
C NAILS & SPA,TX_08832
NAIL COURT,TX_08833
NOA NAILS SPA,NC_08834
GOLDEN NAIL SALON,CA_08835
2000 NAILS,CA_08836
L&T NAILS,GA_08837
DOLCE NAILS & SPA,CA_08838
MANI PEDI AT THE ISLE,TX_08839
REGAL NAILS SALON & SPA,MI_08841
SUNNY NAILS,IL_08840
LAVON NAILS ART & SPA,TX_08842
NAIL LOVERS & SPA,IA_08843
LE'VON NAIL SPA,WA_08844
T & T NAILS SPA,CO_08845
SIGNATURE NAILS & SPA,FL_08846
KIM LY NAILS,OK_08847
NAIL ART,OH_08848
GALLERY NAIL SPA,TX_08849
FOREVER YOUNG NAIL SALON,CO_08850
ENVY NAILS BAR,NJ_08852
V NAILS & SPA,FL_08853
PHILA MEDICAL SPA,PA_08854
DESIGNER NAILS,TX_08855
VT NAILS & SPA,MD_08856
SANHVILLE NAIL SALON,OH_08857
BELLAGIO NAILS AND SPA,TX_08858
ART QUEEN NAIL SPA,FL_08859
SANDS NAIL & SPA,PA_08860
#1 POLISHED NAILS & SPA,TX_08861
BELLAGIO SPA & NAILS CARE,PA_08862
GLOSSY NAILS,CA_08863
GLENSIDE NAILS & SPA LLC,08563
MOSAIC NAIL SPA ,06768
STARTLIGHT NAILS ,08953
MA&ME NAILS SPA ,08941
